,RiskPerformance,ExternalRiskEstimate,MSinceOldestTradeOpen,MSinceMostRecentTradeOpen,AverageMInFile,NumSatisfactoryTrades,NumTrades60Ever2DerogPubRec,NumTrades90Ever2DerogPubRec,PercentTradesNeverDelq,MSinceMostRecentDelq,MaxDelq2PublicRecLast12M,MaxDelqEver,NumTotalTrades,NumTradesOpeninLast12M,PercentInstallTrades,MSinceMostRecentInqexcl7days,NumInqLast6M,NumInqLast6Mexcl7days,NetFractionRevolvingBurden,NetFractionInstallBurden,NumRevolvingTradesWBalance,NumInstallTradesWBalance,NumBank2NatlTradesWHighUtilization,PercentTradesWBalance
0,Bad,83.0,176,8,70.0,8,0,0,100.0,-7,7,8,8,3,50.0,0,0,0,38.0,91.0,2.0,2.0,0,80.0
1,Bad,64.0,25,1,9.0,5,1,1,100.0,-7,7,8,7,4,17.0,0,1,1,8.0,-8.0,2.0,1.0,0,75.0
2,Bad,73.0,229,13,122.0,16,0,0,88.0,3,4,6,17,0,41.0,0,0,0,40.0,56.0,2.0,2.0,0,100.0
3,Good,68.0,272,4,89.0,31,0,0,100.0,-7,7,8,33,2,27.0,0,0,0,90.0,90.0,8.0,4.0,4,86.0
4,Bad,68.0,147,5,76.0,30,2,0,72.0,40,6,5,32,3,22.0,1,3,3,48.0,61.0,4.0,2.0,1,67.0
5,Bad,72.0,120,3,51.0,16,1,0,94.0,80,6,5,19,2,53.0,-7,3,3,44.0,81.0,5.0,9.0,0,100.0
6,Bad,87.0,318,31,99.0,12,0,0,100.0,-7,7,8,12,0,25.0,0,0,0,0.0,52.0,0.0,2.0,0,25.0
7,Bad,62.0,295,7,124.0,55,0,0,95.0,8,4,6,57,2,39.0,5,0,0,32.0,48.0,6.0,4.0,2,57.0
8,Good,-9.0,-9,-9,-9.0,-9,-9,-9,-9.0,-9,-9,-9,-9,-9,-9.0,-9,-9,-9,-9.0,-9.0,-9.0,-9.0,-9,-9.0
9,Bad,61.0,105,8,53.0,44,1,0,89.0,6,4,5,45,3,36.0,0,7,7,39.0,60.0,5.0,4.0,1,64.0
10,Bad,57.0,81,2,47.0,13,1,1,79.0,13,6,6,15,1,64.0,0,1,1,48.0,19.0,5.0,4.0,0,100.0
11,Good,85.0,150,7,68.0,19,0,0,100.0,-7,7,8,19,1,58.0,-8,0,0,19.0,55.0,2.0,6.0,0,80.0
12,Bad,66.0,164,5,66.0,19,1,0,95.0,19,6,5,21,1,19.0,0,0,0,65.0,-8.0,3.0,1.0,1,33.0
13,Bad,62.0,164,1,51.0,31,0,0,91.0,3,4,6,32,2,28.0,0,1,1,17.0,62.0,8.0,3.0,2,52.0
14,Good,67.0,247,14,79.0,18,1,0,80.0,4,4,5,21,0,20.0,6,0,0,25.0,50.0,4.0,2.0,1,46.0
15,Good,75.0,135,4,60.0,12,1,0,93.0,26,6,5,14,2,43.0,7,0,0,79.0,96.0,3.0,3.0,1,100.0
16,Good,71.0,245,25,122.0,11,0,0,91.0,7,4,6,11,0,45.0,-8,0,0,-8.0,-8.0,-8.0,1.0,-8,100.0
17,Bad,73.0,275,15,116.0,8,0,0,75.0,0,4,6,8,0,50.0,-7,0,0,10.0,97.0,1.0,2.0,0,75.0
18,Good,85.0,278,13,104.0,23,0,0,100.0,-7,7,8,23,0,35.0,5,1,1,42.0,69.0,1.0,3.0,0,44.0
19,Bad,57.0,171,2,50.0,16,1,1,89.0,9,4,2,19,3,21.0,0,4,4,49.0,79.0,9.0,3.0,2,71.0
20,Good,69.0,142,3,74.0,47,0,0,100.0,-7,7,8,47,1,32.0,0,7,7,32.0,80.0,15.0,4.0,1,71.0
21,Bad,69.0,118,2,42.0,20,1,0,91.0,27,6,5,22,7,23.0,-7,4,4,14.0,-8.0,4.0,1.0,0,55.0
22,Good,87.0,302,14,151.0,20,0,0,100.0,-7,7,8,20,0,30.0,0,0,0,18.0,-8.0,3.0,2.0,0,50.0
23,Bad,72.0,118,4,55.0,14,0,0,100.0,-7,7,8,14,2,36.0,-7,1,1,76.0,-8.0,6.0,-8.0,3,75.0
24,Good,78.0,342,6,95.0,25,0,0,100.0,-7,7,8,25,3,36.0,16,0,0,44.0,97.0,5.0,3.0,1,67.0
25,Bad,57.0,129,4,63.0,32,0,0,84.0,23,6,6,32,5,31.0,0,3,3,82.0,73.0,4.0,4.0,3,73.0
26,Bad,86.0,74,46,60.0,2,0,0,100.0,-7,7,8,2,0,50.0,0,0,0,-8.0,-8.0,0.0,-8.0,-8,0.0
27,Bad,61.0,457,7,97.0,27,1,0,89.0,6,4,5,28,1,21.0,0,2,2,55.0,77.0,12.0,2.0,5,78.0
28,Bad,69.0,172,1,63.0,13,1,0,87.0,41,6,5,15,3,40.0,0,0,0,80.0,-8.0,3.0,1.0,2,50.0
29,Bad,81.0,329,12,111.0,19,0,0,95.0,1,4,6,20,0,55.0,0,0,0,1.0,86.0,2.0,4.0,0,67.0
30,Good,65.0,29,9,18.0,10,0,0,100.0,-7,7,8,10,3,40.0,0,5,5,38.0,68.0,5.0,3.0,0,89.0
31,Bad,68.0,319,2,127.0,26,0,0,93.0,20,6,6,28,2,29.0,0,0,0,29.0,47.0,9.0,4.0,2,62.0
32,Bad,70.0,303,1,69.0,37,0,0,100.0,-7,7,8,40,3,53.0,2,1,1,49.0,82.0,10.0,6.0,0,94.0
33,Good,66.0,173,8,58.0,17,2,1,85.0,2,0,2,20,4,45.0,0,0,0,7.0,68.0,3.0,2.0,0,75.0
34,Bad,84.0,325,2,107.0,13,0,0,100.0,-7,7,8,14,2,29.0,1,1,1,19.0,98.0,4.0,3.0,0,70.0
35,Good,76.0,98,11,50.0,15,0,0,100.0,-7,7,8,15,2,27.0,0,0,0,42.0,60.0,2.0,2.0,1,63.0
36,Bad,77.0,31,31,31.0,1,0,0,100.0,-7,7,8,1,0,0.0,0,6,6,-8.0,-8.0,-8.0,-8.0,-8,-8.0
37,Bad,56.0,23,7,15.0,6,0,0,100.0,-7,7,8,6,2,33.0,0,11,11,95.0,-8.0,3.0,1.0,1,100.0
38,Good,87.0,196,30,117.0,19,0,0,100.0,-7,7,8,20,0,30.0,0,0,0,7.0,-8.0,5.0,-8.0,-8,71.0
39,Bad,65.0,37,5,20.0,16,0,0,100.0,-7,7,8,16,5,44.0,0,0,0,58.0,84.0,1.0,3.0,1,71.0
40,Bad,70.0,43,4,21.0,11,0,0,100.0,-7,7,8,13,4,38.0,0,3,3,64.0,98.0,4.0,3.0,1,88.0
41,Bad,71.0,183,3,96.0,11,1,1,100.0,-7,7,8,13,2,0.0,0,0,0,0.0,-8.0,0.0,-8.0,0,0.0
42,Bad,59.0,-8,41,90.0,4,2,0,50.0,9,3,5,6,0,83.0,13,0,0,16.0,-8.0,1.0,1.0,0,100.0
43,Bad,76.0,316,6,101.0,9,0,0,100.0,-7,7,8,10,1,80.0,0,1,1,81.0,70.0,1.0,1.0,1,100.0
44,Good,79.0,421,3,66.0,15,0,0,100.0,-7,7,8,15,1,40.0,0,0,0,46.0,63.0,2.0,2.0,2,50.0
45,Bad,55.0,37,6,24.0,6,1,0,86.0,1,3,5,7,2,57.0,0,0,0,13.0,-8.0,2.0,1.0,1,75.0
46,Good,72.0,403,31,180.0,23,0,0,87.0,56,6,6,23,0,17.0,0,1,1,53.0,-8.0,9.0,1.0,3,83.0
47,Good,89.0,209,1,96.0,22,0,0,100.0,-7,7,8,26,3,38.0,5,1,1,18.0,59.0,2.0,3.0,0,71.0
48,Bad,59.0,123,4,66.0,32,1,1,88.0,6,4,6,32,2,31.0,-7,0,0,36.0,76.0,5.0,4.0,2,56.0
49,Bad,71.0,229,4,89.0,47,1,1,92.0,3,0,2,21,3,25.0,-7,0,0,24.0,88.0,10.0,4.0,1,63.0
50,Bad,56.0,79,35,56.0,6,3,0,67.0,3,4,5,9,0,33.0,0,0,0,54.0,-8.0,1.0,1.0,0,100.0
51,Bad,-9.0,-9,-9,-9.0,-9,-9,-9,-9.0,-9,-9,-9,-9,-9,-9.0,-9,-9,-9,-9.0,-9.0,-9.0,-9.0,-9,-9.0
52,Bad,63.0,213,18,98.0,4,2,2,100.0,-7,6,8,4,0,50.0,-7,0,0,114.0,-8.0,1.0,1.0,-8,100.0
53,Bad,63.0,271,2,51.0,20,0,0,100.0,-7,7,8,26,2,32.0,-7,1,1,88.0,94.0,9.0,2.0,3,100.0
54,Good,85.0,449,5,71.0,33,0,0,100.0,-7,7,8,23,2,12.0,5,2,2,1.0,93.0,2.0,2.0,0,21.0
55,Good,68.0,90,4,52.0,14,2,1,88.0,62,6,2,16,1,75.0,-7,1,1,55.0,78.0,2.0,11.0,1,93.0
56,Good,80.0,162,5,58.0,41,0,0,98.0,-8,6,6,42,5,60.0,0,0,0,6.0,90.0,3.0,10.0,0,64.0
57,Bad,68.0,155,13,48.0,10,2,2,90.0,8,4,6,12,0,40.0,0,0,0,59.0,49.0,3.0,4.0,0,100.0
58,Good,81.0,133,15,63.0,20,0,0,100.0,-7,7,8,20,0,35.0,11,0,0,5.0,-8.0,1.0,1.0,0,25.0
59,Good,86.0,333,6,93.0,32,0,0,100.0,-7,7,8,32,3,22.0,0,0,0,6.0,-8.0,6.0,2.0,0,44.0
60,Good,78.0,165,7,52.0,8,0,0,100.0,-7,7,8,8,1,38.0,-7,1,1,53.0,91.0,2.0,2.0,0,80.0
61,Good,77.0,68,11,31.0,7,0,0,100.0,-7,7,8,7,2,14.0,0,4,3,0.0,-8.0,0.0,-8.0,0,0.0
63,Good,83.0,363,27,127.0,20,0,0,85.0,16,6,6,20,0,40.0,-8,0,0,0.0,-8.0,1.0,2.0,0,57.0
64,Good,82.0,368,6,106.0,23,0,0,100.0,-7,7,8,23,2,22.0,0,1,1,8.0,-8.0,3.0,1.0,1,36.0
65,Bad,61.0,246,20,95.0,18,2,2,86.0,11,4,4,21,0,38.0,0,1,1,62.0,-8.0,5.0,1.0,2,88.0
66,Good,74.0,319,2,83.0,24,1,0,88.0,9,3,5,28,3,37.0,-7,1,1,6.0,100.0,3.0,2.0,0,42.0
67,Good,79.0,238,7,92.0,23,0,0,96.0,59,6,6,23,1,22.0,0,0,0,31.0,49.0,8.0,3.0,0,61.0
68,Good,67.0,212,16,87.0,24,2,0,86.0,13,6,5,29,0,55.0,0,1,1,41.0,92.0,6.0,2.0,0,100.0
69,Bad,68.0,50,1,81.0,29,0,0,94.0,44,6,6,1,2,22.0,0,2,2,43.0,75.0,2.0,3.0,2,42.0
70,Bad,59.0,183,2,73.0,28,1,1,90.0,2,0,2,31,2,32.0,0,10,10,66.0,62.0,5.0,3.0,1,57.0
71,Bad,67.0,190,17,83.0,29,1,0,93.0,74,6,5,28,0,27.0,17,0,0,72.0,-8.0,7.0,1.0,3,67.0
72,Bad,50.0,239,10,76.0,21,4,3,72.0,2,0,2,9,2,36.0,0,2,2,58.0,94.0,5.0,3.0,0,80.0
73,Bad,56.0,252,7,50.0,13,1,1,86.0,3,0,2,14,3,50.0,0,4,4,67.0,68.0,3.0,3.0,2,60.0
74,Good,68.0,231,2,18.0,6,1,1,100.0,-7,7,8,20,4,0.0,-7,2,2,8.0,-8.0,2.0,-8.0,0,50.0
75,Bad,75.0,146,14,73.0,8,0,0,75.0,5,4,6,57,0,38.0,22,0,0,0.0,-8.0,0.0,1.0,-8,50.0
76,Good,78.0,294,11,78.0,28,1,1,97.0,59,6,3,29,1,24.0,2,1,1,6.0,-8.0,4.0,-8.0,0,33.0
77,Bad,66.0,220,28,119.0,6,0,0,57.0,1,4,6,7,0,0.0,7,0,0,17.0,-8.0,3.0,-8.0,1,75.0
78,Bad,65.0,140,14,49.0,12,1,1,100.0,-7,6,8,12,0,58.0,0,0,0,66.0,-8.0,2.0,3.0,0,100.0
79,Bad,74.0,158,8,88.0,37,0,0,97.0,24,6,6,4,1,42.0,0,2,2,37.0,56.0,3.0,4.0,1,78.0
80,Good,62.0,335,2,26.0,19,0,0,100.0,-7,7,8,7,7,29.0,0,2,2,49.0,-8.0,6.0,4.0,4,67.0
81,Bad,83.0,195,4,94.0,18,0,0,100.0,-7,7,8,18,2,28.0,4,1,1,25.0,56.0,2.0,2.0,0,44.0
82,Good,84.0,163,4,56.0,36,0,0,100.0,-7,7,8,36,2,17.0,12,0,0,14.0,88.0,3.0,2.0,1,46.0
83,Bad,61.0,270,2,38.0,17,0,0,100.0,-7,7,8,22,7,9.0,0,1,1,42.0,71.0,8.0,2.0,4,59.0
84,Bad,74.0,257,7,93.0,33,0,0,92.0,23,6,6,38,2,32.0,0,2,2,1.0,-8.0,4.0,1.0,0,33.0
85,Bad,63.0,191,23,68.0,12,1,1,92.0,4,0,6,8,0,58.0,4,1,1,4.0,40.0,1.0,3.0,0,67.0
86,Bad,69.0,78,5,40.0,16,0,0,100.0,-7,7,8,16,1,25.0,0,2,2,69.0,-8.0,3.0,2.0,2,83.0
87,Good,86.0,149,3,69.0,14,0,0,100.0,-7,7,8,14,2,57.0,-8,0,0,15.0,91.0,1.0,2.0,0,43.0
88,Bad,72.0,113,10,77.0,21,5,5,73.0,36,6,2,26,1,15.0,0,2,2,4.0,-8.0,2.0,1.0,0,60.0
89,Bad,67.0,54,1,20.0,12,0,0,100.0,-7,7,8,13,4,38.0,0,1,1,53.0,98.0,5.0,2.0,1,70.0
90,Bad,68.0,118,7,64.0,11,0,0,86.0,9,4,6,14,1,64.0,0,1,1,27.0,65.0,1.0,5.0,0,100.0
91,Good,66.0,273,2,149.0,8,2,0,83.0,19,6,5,17,3,33.0,1,1,1,44.0,84.0,4.0,2.0,2,70.0
92,Bad,64.0,185,8,96.0,31,2,0,88.0,17,6,5,33,1,21.0,16,0,0,73.0,92.0,8.0,3.0,6,73.0
93,Good,71.0,214,18,127.0,10,1,0,64.0,14,6,5,11,0,18.0,-7,0,0,51.0,81.0,3.0,1.0,2,57.0
94,Bad,83.0,108,17,69.0,8,0,0,100.0,-7,7,8,8,0,63.0,4,1,1,21.0,72.0,1.0,1.0,0,67.0
95,Bad,65.0,80,11,53.0,12,1,1,85.0,21,6,2,14,1,38.0,13,0,0,0.0,85.0,0.0,2.0,-8,67.0
96,Bad,57.0,23,8,56.0,4,2,1,67.0,16,6,4,1,1,33.0,1,2,2,92.0,75.0,1.0,1.0,-8,67.0
97,Good,85.0,211,5,73.0,19,0,0,100.0,-7,7,8,33,4,11.0,0,1,1,17.0,-8.0,3.0,1.0,0,33.0
98,Bad,68.0,261,2,63.0,13,0,0,86.0,25,6,6,14,5,36.0,0,2,2,32.0,95.0,7.0,3.0,0,83.0
99,Bad,68.0,74,3,32.0,14,1,1,93.0,30,6,3,15,4,40.0,0,0,0,58.0,32.0,2.0,5.0,1,64.0
100,Good,77.0,426,9,124.0,19,0,0,95.0,18,6,6,14,1,50.0,-7,0,0,46.0,-8.0,3.0,1.0,1,57.0
101,Bad,79.0,305,9,121.0,12,1,0,69.0,9,4,5,16,1,19.0,-7,0,0,6.0,-8.0,6.0,1.0,0,64.0
103,Good,92.0,407,7,142.0,21,0,0,100.0,-7,7,8,21,1,48.0,-8,0,0,0.0,-8.0,1.0,2.0,0,33.0
104,Good,66.0,311,9,84.0,32,1,1,100.0,-7,7,8,33,3,39.0,-7,0,0,48.0,64.0,9.0,5.0,1,74.0
105,Bad,75.0,262,1,82.0,28,1,0,83.0,13,6,5,31,3,20.0,-7,3,3,9.0,100.0,5.0,1.0,0,47.0
106,Good,72.0,206,6,65.0,43,0,0,100.0,-7,7,8,44,1,34.0,0,1,1,66.0,60.0,7.0,3.0,4,91.0
107,Bad,74.0,-8,3,93.0,19,0,0,90.0,33,6,6,21,3,43.0,-7,2,2,34.0,78.0,4.0,3.0,1,64.0
108,Good,77.0,176,23,87.0,13,0,0,100.0,-7,7,8,13,0,31.0,0,1,1,51.0,-8.0,3.0,1.0,2,57.0
109,Bad,61.0,132,8,69.0,3,1,1,80.0,12,6,2,5,2,100.0,0,0,0,-8.0,94.0,-8.0,2.0,-8,100.0
110,Good,76.0,374,9,124.0,25,0,0,88.0,21,6,6,23,2,24.0,8,0,0,4.0,-8.0,5.0,3.0,0,57.0
111,Good,61.0,187,3,72.0,28,1,0,97.0,1,4,5,30,2,57.0,10,0,0,32.0,53.0,6.0,4.0,1,77.0
112,Bad,58.0,165,8,79.0,27,0,0,96.0,19,6,6,27,1,37.0,4,1,1,85.0,78.0,9.0,5.0,5,100.0
113,Bad,58.0,183,11,36.0,30,0,0,100.0,-7,7,8,32,3,17.0,-7,8,7,87.0,-8.0,15.0,2.0,10,81.0
114,Good,72.0,304,6,83.0,27,0,0,93.0,55,5,6,27,5,33.0,0,2,2,34.0,90.0,6.0,3.0,1,69.0
115,Good,87.0,326,7,111.0,26,0,0,100.0,-7,7,8,30,1,40.0,0,0,0,12.0,89.0,3.0,2.0,0,56.0
116,Good,78.0,249,7,86.0,37,0,0,100.0,-7,7,8,54,5,42.0,2,4,4,41.0,84.0,4.0,6.0,0,79.0
117,Bad,69.0,154,3,63.0,23,1,0,96.0,25,6,5,27,5,33.0,3,1,1,61.0,-8.0,3.0,1.0,1,67.0
118,Good,67.0,296,1,68.0,20,0,0,100.0,-7,7,8,22,5,27.0,0,7,7,64.0,-8.0,7.0,1.0,2,80.0
119,Bad,83.0,115,1,60.0,19,0,0,100.0,-7,7,8,21,3,29.0,1,4,4,8.0,5.0,3.0,2.0,0,45.0
120,Bad,59.0,261,7,158.0,16,0,0,79.0,3,4,6,19,1,21.0,-7,0,0,76.0,86.0,10.0,2.0,4,100.0
121,Good,75.0,116,2,61.0,41,0,0,100.0,-7,7,8,42,1,17.0,0,2,1,34.0,-8.0,2.0,-8.0,1,22.0
122,Bad,64.0,150,2,45.0,12,1,1,86.0,3,0,2,14,4,21.0,0,2,2,9.0,-8.0,4.0,1.0,-8,56.0
123,Good,74.0,-8,2,65.0,35,0,0,100.0,-7,7,8,0,2,28.0,0,1,1,19.0,-8.0,4.0,3.0,1,70.0
124,Good,80.0,139,8,67.0,35,0,0,97.0,29,6,6,35,2,29.0,0,3,3,5.0,87.0,4.0,3.0,0,54.0
125,Bad,54.0,39,6,19.0,6,7,7,100.0,-7,0,8,15,1,75.0,0,2,2,92.0,86.0,2.0,3.0,2,100.0
127,Good,85.0,207,8,102.0,21,0,0,100.0,-7,7,8,21,1,29.0,8,0,0,0.0,-8.0,2.0,1.0,0,67.0
128,Good,91.0,225,4,121.0,12,0,0,100.0,-7,7,8,28,2,25.0,-8,0,0,3.0,-8.0,2.0,1.0,0,60.0
129,Good,72.0,391,14,95.0,15,0,0,87.0,19,6,6,15,0,27.0,-8,0,0,30.0,72.0,8.0,2.0,1,91.0
130,Bad,64.0,111,3,35.0,15,2,2,100.0,-7,7,8,17,2,33.0,0,1,1,70.0,97.0,4.0,3.0,0,78.0
131,Good,60.0,255,1,92.0,29,0,0,77.0,2,4,6,34,5,19.0,5,3,3,14.0,-8.0,5.0,1.0,1,60.0
132,Good,79.0,275,0,91.0,13,0,0,86.0,6,4,6,14,3,29.0,6,0,0,0.0,-8.0,1.0,1.0,0,33.0
133,Bad,56.0,137,4,65.0,38,1,0,80.0,2,4,5,41,2,27.0,0,1,1,64.0,48.0,7.0,2.0,2,69.0
134,Good,62.0,187,2,68.0,27,7,5,79.0,32,6,3,33,4,24.0,2,3,3,4.0,80.0,1.0,5.0,0,32.0
135,Bad,82.0,299,1,112.0,12,0,0,100.0,-7,7,8,13,3,8.0,0,1,1,34.0,-8.0,4.0,1.0,1,45.0
136,Bad,86.0,379,8,176.0,24,0,0,100.0,-7,7,8,27,1,22.0,0,0,0,0.0,-8.0,2.0,-8.0,0,20.0
137,Bad,73.0,77,5,44.0,15,0,0,100.0,-7,7,8,15,1,67.0,14,0,0,68.0,77.0,3.0,4.0,2,100.0
138,Bad,78.0,169,2,53.0,21,0,0,95.0,24,6,6,22,1,45.0,-7,0,0,0.0,78.0,2.0,1.0,0,43.0
139,Good,70.0,92,11,57.0,16,0,0,88.0,16,6,6,16,1,44.0,0,0,0,37.0,61.0,1.0,3.0,0,67.0
140,Bad,63.0,131,11,61.0,8,2,1,60.0,17,6,3,10,1,30.0,3,2,1,78.0,45.0,3.0,1.0,2,80.0
141,Bad,61.0,197,5,54.0,40,1,1,95.0,3,0,2,23,1,15.0,4,2,2,60.0,39.0,16.0,2.0,7,67.0
142,Bad,67.0,118,6,37.0,23,2,2,88.0,70,6,2,26,5,42.0,0,0,0,31.0,70.0,5.0,3.0,1,67.0
143,Bad,66.0,150,14,80.0,17,3,1,67.0,43,6,5,24,0,63.0,0,0,0,-8.0,61.0,-8.0,2.0,-8,100.0
144,Bad,75.0,169,2,59.0,21,0,0,100.0,-7,7,8,22,4,36.0,-7,4,4,43.0,112.0,4.0,6.0,0,83.0
145,Bad,58.0,120,8,67.0,22,1,0,74.0,6,3,5,23,1,26.0,0,2,2,87.0,79.0,7.0,3.0,4,92.0
146,Bad,73.0,211,11,108.0,26,0,0,97.0,8,4,6,29,1,14.0,0,0,0,15.0,-8.0,6.0,1.0,0,47.0
147,Bad,77.0,330,8,72.0,16,0,0,100.0,-7,7,8,16,3,56.0,0,0,0,0.0,-8.0,0.0,3.0,0,43.0
148,Bad,60.0,342,2,77.0,29,4,0,72.0,25,5,5,36,4,58.0,0,1,1,47.0,88.0,3.0,4.0,1,88.0
149,Good,56.0,172,4,64.0,16,2,0,68.0,5,4,5,19,3,37.0,0,0,0,46.0,86.0,4.0,2.0,1,55.0
151,Good,67.0,279,5,60.0,35,0,0,100.0,-7,7,8,36,4,43.0,2,2,2,93.0,90.0,1.0,4.0,-8,100.0
152,Good,61.0,282,2,86.0,40,1,1,95.0,1,0,2,42,4,14.0,0,3,3,40.0,100.0,8.0,2.0,2,55.0
153,Bad,77.0,275,0,63.0,15,1,0,89.0,29,6,5,18,4,22.0,0,2,2,18.0,-8.0,4.0,1.0,0,56.0
154,Good,84.0,347,5,75.0,25,0,0,100.0,-7,7,8,19,3,44.0,4,1,1,2.0,81.0,2.0,3.0,0,56.0
155,Bad,74.0,277,30,123.0,24,0,0,88.0,12,6,6,24,0,25.0,0,0,0,45.0,-8.0,12.0,1.0,2,93.0
157,Bad,66.0,244,11,128.0,30,0,0,93.0,4,4,6,10,1,43.0,2,1,1,23.0,74.0,8.0,4.0,2,100.0
158,Good,72.0,242,6,68.0,15,0,0,87.0,5,4,6,16,1,73.0,7,0,0,0.0,8.0,0.0,2.0,0,50.0
159,Bad,76.0,140,4,54.0,15,0,0,100.0,-7,7,8,15,4,53.0,0,4,4,14.0,71.0,3.0,3.0,1,67.0
160,Good,71.0,386,2,86.0,30,1,0,97.0,10,3,5,33,2,24.0,0,0,0,24.0,60.0,5.0,5.0,1,53.0
161,Good,82.0,100,3,37.0,9,0,0,100.0,-7,7,8,9,3,22.0,-7,1,1,0.0,99.0,3.0,1.0,0,67.0
162,Bad,79.0,439,15,142.0,17,2,2,89.0,68,6,3,38,0,11.0,15,0,0,3.0,-8.0,5.0,-8.0,0,50.0
163,Bad,64.0,260,1,61.0,17,1,1,95.0,6,2,4,23,5,26.0,-7,0,0,68.0,88.0,3.0,2.0,1,71.0
164,Bad,75.0,113,97,105.0,2,0,0,100.0,-7,7,8,2,0,0.0,0,0,0,101.0,-8.0,2.0,-8.0,1,100.0
165,Good,67.0,222,5,71.0,21,1,1,82.0,4,4,4,22,1,14.0,0,1,1,37.0,-8.0,5.0,1.0,0,46.0
166,Bad,57.0,32,3,14.0,11,0,0,100.0,-7,7,8,11,6,36.0,-7,0,0,73.0,89.0,6.0,3.0,2,100.0
167,Good,91.0,397,36,140.0,21,0,0,100.0,-7,7,8,21,0,19.0,0,0,0,3.0,-8.0,1.0,1.0,0,22.0
168,Bad,68.0,116,1,51.0,20,0,0,100.0,-7,7,8,21,2,24.0,0,2,2,50.0,-8.0,6.0,1.0,2,64.0
169,Good,57.0,155,0,42.0,32,0,0,97.0,0,4,6,34,10,18.0,0,1,1,40.0,90.0,7.0,4.0,1,50.0
170,Good,66.0,176,7,61.0,24,0,0,92.0,0,4,6,24,1,33.0,0,0,0,18.0,92.0,4.0,2.0,1,58.0
171,Bad,63.0,282,2,112.0,20,0,0,71.0,12,6,6,21,1,29.0,0,1,0,51.0,-8.0,7.0,2.0,3,77.0
172,Good,76.0,-8,2,17.0,7,0,0,100.0,-7,7,8,0,1,33.0,2,2,2,9.0,73.0,3.0,2.0,0,63.0
173,Bad,73.0,-8,1,104.0,12,1,0,93.0,5,3,5,0,1,43.0,-7,1,1,0.0,100.0,1.0,2.0,0,50.0
174,Good,63.0,213,6,86.0,24,0,0,96.0,64,6,6,24,2,29.0,0,1,1,75.0,79.0,7.0,2.0,5,60.0
175,Good,88.0,171,17,91.0,15,0,0,100.0,-7,7,8,16,0,50.0,17,0,0,0.0,-8.0,0.0,1.0,0,25.0
176,Good,89.0,270,3,98.0,12,0,0,100.0,-7,7,8,12,2,25.0,13,0,0,9.0,6.0,2.0,2.0,0,67.0
177,Bad,65.0,208,3,84.0,20,0,0,85.0,18,6,6,20,3,20.0,0,0,0,55.0,92.0,8.0,2.0,2,67.0
178,Bad,69.0,105,3,30.0,17,0,0,100.0,-7,7,8,17,7,12.0,4,1,1,32.0,100.0,6.0,1.0,2,64.0
179,Good,79.0,168,9,58.0,21,0,0,90.0,76,6,6,21,3,38.0,0,0,0,27.0,88.0,5.0,3.0,0,62.0
180,Good,74.0,219,13,90.0,30,0,0,100.0,-7,7,8,30,0,33.0,0,2,2,28.0,-8.0,9.0,2.0,1,79.0
181,Bad,77.0,276,41,145.0,19,0,0,100.0,-7,7,8,19,0,21.0,-7,1,1,59.0,36.0,6.0,2.0,1,62.0
182,Bad,70.0,182,2,34.0,7,0,0,100.0,-7,7,8,8,5,13.0,0,2,2,57.0,-8.0,4.0,-8.0,1,100.0
183,Good,92.0,262,4,161.0,10,0,0,100.0,-7,7,8,33,1,10.0,-8,0,0,0.0,-8.0,1.0,-8.0,0,25.0
184,Good,84.0,188,12,78.0,30,0,0,100.0,-7,7,8,30,0,21.0,2,1,1,0.0,-8.0,1.0,2.0,1,75.0
185,Good,76.0,149,15,62.0,13,0,0,100.0,-7,7,8,13,0,38.0,0,0,0,0.0,55.0,0.0,3.0,0,75.0
187,Good,60.0,160,3,48.0,16,0,0,81.0,5,4,6,16,4,31.0,4,2,2,65.0,74.0,2.0,3.0,1,63.0
188,Good,72.0,86,3,51.0,27,0,0,100.0,-7,7,8,15,5,15.0,2,1,1,60.0,-8.0,5.0,1.0,2,50.0
189,Good,77.0,158,23,104.0,20,0,0,100.0,-7,7,8,22,0,32.0,0,1,1,72.0,-8.0,1.0,1.0,1,50.0
191,Bad,81.0,163,22,55.0,24,0,0,92.0,16,6,6,24,0,25.0,0,0,0,0.0,-8.0,1.0,2.0,0,33.0
192,Good,79.0,180,7,99.0,26,0,0,100.0,-7,7,8,10,2,23.0,2,1,1,28.0,34.0,4.0,3.0,1,58.0
193,Good,73.0,44,7,32.0,10,0,0,100.0,-7,7,8,10,1,30.0,8,0,0,55.0,-8.0,3.0,1.0,0,67.0
194,Good,82.0,77,10,42.0,8,0,0,100.0,-7,7,8,8,1,25.0,20,0,0,3.0,84.0,2.0,2.0,0,57.0
195,Good,83.0,414,4,135.0,26,0,0,100.0,-7,7,8,24,2,19.0,-8,0,0,13.0,8.0,6.0,1.0,0,47.0
196,Good,77.0,242,2,86.0,14,0,0,93.0,17,6,6,15,1,33.0,-7,1,1,26.0,-8.0,3.0,2.0,0,83.0
197,Good,80.0,158,7,58.0,25,0,0,100.0,-7,6,7,26,1,19.0,13,0,0,19.0,80.0,2.0,2.0,1,50.0
198,Good,54.0,175,4,58.0,42,0,0,90.0,1,4,6,42,3,24.0,1,2,2,41.0,-8.0,7.0,2.0,5,60.0
199,Bad,70.0,228,2,49.0,11,0,0,100.0,-7,7,8,12,2,0.0,8,0,0,57.0,-8.0,9.0,-8.0,6,90.0
200,Bad,80.0,175,11,73.0,15,0,0,100.0,-7,7,8,17,1,53.0,11,0,0,32.0,84.0,3.0,4.0,0,88.0
201,Bad,78.0,202,1,102.0,12,0,0,86.0,17,6,6,39,2,57.0,-7,0,0,16.0,101.0,3.0,4.0,0,89.0
202,Bad,81.0,112,2,55.0,17,0,0,100.0,-7,7,8,19,1,47.0,0,1,1,24.0,-8.0,1.0,2.0,1,33.0
203,Good,76.0,241,9,80.0,48,0,0,100.0,-7,5,8,49,2,20.0,0,2,2,22.0,-8.0,9.0,-8.0,1,37.0
204,Good,70.0,419,6,79.0,15,2,2,90.0,2,0,2,21,3,29.0,0,1,1,44.0,-8.0,2.0,1.0,1,38.0
205,Bad,69.0,301,32,178.0,5,1,0,56.0,2,4,5,9,0,44.0,-8,0,0,75.0,40.0,2.0,2.0,1,80.0
206,Bad,58.0,94,7,45.0,7,2,2,88.0,-8,6,4,9,1,63.0,0,1,1,81.0,-8.0,2.0,1.0,0,75.0
207,Bad,61.0,395,30,103.0,8,0,0,73.0,2,4,6,11,0,18.0,-8,0,0,79.0,-8.0,5.0,-8.0,2,100.0
208,Bad,74.0,66,6,36.0,10,0,0,100.0,-7,7,8,10,1,40.0,0,3,0,41.0,94.0,2.0,1.0,1,75.0
209,Good,79.0,288,4,79.0,44,0,0,100.0,-7,7,8,47,4,28.0,11,0,0,27.0,93.0,7.0,2.0,1,53.0
210,Bad,61.0,197,40,81.0,21,2,2,79.0,9,4,6,24,0,46.0,0,1,1,80.0,24.0,4.0,2.0,2,78.0
211,Good,85.0,149,8,63.0,15,0,0,100.0,-7,7,8,15,1,40.0,0,2,2,5.0,32.0,1.0,3.0,0,44.0
212,Bad,61.0,251,12,74.0,15,0,0,93.0,70,6,6,15,0,13.0,0,1,1,89.0,-8.0,7.0,1.0,5,100.0
213,Bad,59.0,81,6,41.0,27,5,5,100.0,-7,0,8,27,2,44.0,1,4,4,49.0,73.0,6.0,4.0,2,71.0
214,Good,89.0,342,25,110.0,8,0,0,100.0,-7,7,8,8,0,63.0,-8,0,0,0.0,-8.0,0.0,-8.0,-8,0.0
215,Bad,80.0,335,15,146.0,28,0,0,100.0,-7,7,8,28,0,18.0,14,0,0,34.0,75.0,9.0,2.0,1,65.0
216,Good,77.0,70,3,37.0,9,0,0,100.0,-7,7,8,9,2,11.0,0,1,1,14.0,-8.0,2.0,-8.0,0,67.0
217,Bad,70.0,212,1,56.0,32,0,0,100.0,-7,7,8,36,11,36.0,1,4,4,19.0,91.0,7.0,2.0,0,75.0
218,Good,81.0,136,24,63.0,19,0,0,100.0,-7,7,8,19,0,21.0,-7,0,0,42.0,39.0,1.0,2.0,0,60.0
219,Good,85.0,141,6,78.0,10,0,0,91.0,77,6,6,12,1,27.0,0,3,3,1.0,-8.0,1.0,1.0,0,50.0
220,Good,75.0,164,7,65.0,32,2,0,88.0,66,6,5,34,3,21.0,0,1,1,7.0,-8.0,4.0,1.0,0,63.0
221,Bad,59.0,279,4,70.0,7,0,0,63.0,7,4,6,8,2,25.0,1,1,1,72.0,40.0,4.0,2.0,1,86.0
222,Good,65.0,133,5,41.0,17,0,0,94.0,5,4,6,17,5,53.0,0,1,1,43.0,90.0,2.0,4.0,1,67.0
223,Good,69.0,91,18,53.0,36,0,0,100.0,-7,7,8,41,0,33.0,4,1,1,72.0,53.0,8.0,5.0,2,87.0
224,Good,81.0,197,3,65.0,31,0,0,100.0,-7,7,8,31,3,29.0,9,0,0,2.0,-8.0,1.0,2.0,0,27.0
225,Bad,59.0,167,24,116.0,28,2,0,75.0,0,4,5,32,0,13.0,0,0,0,92.0,-8.0,11.0,1.0,8,93.0
226,Bad,73.0,110,8,71.0,8,4,0,50.0,37,6,5,14,1,43.0,0,1,1,14.0,-8.0,1.0,2.0,1,43.0
227,Good,64.0,162,2,53.0,14,0,0,100.0,-7,7,8,15,2,27.0,2,1,1,63.0,88.0,7.0,3.0,4,100.0
228,Good,79.0,132,6,62.0,22,0,0,100.0,-7,7,8,24,3,21.0,-8,0,0,56.0,-8.0,3.0,-8.0,0,50.0
229,Bad,74.0,149,3,36.0,14,0,0,100.0,-7,7,8,14,4,50.0,0,1,1,32.0,25.0,3.0,5.0,0,80.0
231,Bad,66.0,288,10,77.0,27,0,0,96.0,26,6,6,44,1,44.0,12,0,0,72.0,86.0,7.0,2.0,3,100.0
232,Good,84.0,151,7,85.0,14,0,0,100.0,-7,7,8,14,1,57.0,7,2,0,18.0,75.0,2.0,3.0,-8,100.0
233,Good,81.0,261,11,110.0,27,0,0,96.0,53,6,6,27,1,22.0,0,0,0,23.0,13.0,11.0,2.0,0,65.0
234,Bad,79.0,210,7,96.0,24,0,0,92.0,6,4,6,24,1,21.0,0,2,2,18.0,45.0,4.0,3.0,0,58.0
235,Good,76.0,404,7,125.0,27,1,0,97.0,69,6,5,29,2,10.0,4,1,1,11.0,-8.0,5.0,1.0,2,50.0
236,Bad,72.0,174,3,55.0,21,0,0,95.0,65,6,6,22,3,36.0,-7,5,5,17.0,98.0,3.0,2.0,1,56.0
237,Bad,89.0,166,6,96.0,19,0,0,100.0,-7,7,8,19,1,32.0,9,0,0,10.0,66.0,4.0,2.0,1,75.0
238,Good,78.0,263,23,102.0,19,0,0,95.0,31,6,6,19,0,42.0,14,0,0,17.0,29.0,6.0,3.0,0,82.0
239,Bad,68.0,221,7,89.0,19,4,0,83.0,53,6,5,23,1,39.0,0,0,0,70.0,100.0,2.0,2.0,2,40.0
240,Bad,57.0,246,3,78.0,16,2,2,94.0,9,4,6,24,2,31.0,-7,0,0,85.0,39.0,6.0,2.0,3,89.0
241,Good,78.0,218,6,80.0,48,0,0,100.0,-7,7,8,48,1,56.0,1,1,1,11.0,92.0,3.0,2.0,0,56.0
243,Good,89.0,162,8,82.0,19,0,0,100.0,-7,7,8,21,2,24.0,-7,1,1,3.0,-8.0,1.0,1.0,0,33.0
244,Good,86.0,153,7,88.0,15,0,0,100.0,-7,7,8,15,1,27.0,-7,0,0,5.0,-8.0,2.0,1.0,0,43.0
245,Bad,75.0,160,2,82.0,46,0,0,100.0,-7,7,8,48,2,17.0,0,3,3,19.0,-8.0,10.0,3.0,1,41.0
246,Bad,64.0,141,1,29.0,23,1,1,96.0,39,6,2,26,7,12.0,1,7,7,34.0,87.0,10.0,2.0,0,82.0
247,Bad,71.0,172,1,64.0,17,0,0,89.0,22,6,6,18,1,33.0,3,1,1,46.0,64.0,7.0,2.0,2,75.0
248,Bad,72.0,113,18,55.0,25,0,0,96.0,-7,5,7,25,0,48.0,0,2,2,52.0,27.0,4.0,4.0,1,73.0
250,Bad,69.0,390,3,100.0,18,3,1,67.0,3,4,4,11,1,10.0,14,0,0,7.0,-8.0,3.0,-8.0,0,27.0
251,Bad,60.0,49,5,23.0,16,0,0,100.0,-7,7,8,16,3,31.0,0,1,1,40.0,82.0,6.0,3.0,0,90.0
252,Good,76.0,432,14,115.0,24,0,0,96.0,7,4,6,24,0,21.0,0,4,4,13.0,-8.0,7.0,2.0,0,63.0
253,Good,66.0,272,2,95.0,44,0,0,100.0,-7,7,8,49,3,29.0,0,4,4,63.0,64.0,16.0,4.0,6,80.0
254,Bad,57.0,129,29,74.0,12,17,16,30.0,6,1,3,30,0,73.0,-7,0,0,26.0,47.0,2.0,9.0,0,92.0
255,Bad,67.0,143,2,51.0,27,0,0,97.0,56,6,6,31,4,69.0,1,5,5,57.0,95.0,5.0,4.0,2,90.0
256,Bad,62.0,171,5,92.0,52,1,0,90.0,4,3,5,58,2,47.0,-7,0,0,28.0,32.0,7.0,7.0,0,78.0
257,Good,72.0,192,11,75.0,13,1,0,88.0,6,3,5,18,1,56.0,3,2,2,0.0,-8.0,0.0,2.0,0,40.0
258,Bad,73.0,251,3,105.0,33,0,0,85.0,26,6,6,33,3,24.0,-7,0,0,22.0,-8.0,7.0,1.0,0,53.0
259,Bad,63.0,134,5,81.0,17,1,0,70.0,29,6,5,20,1,45.0,7,0,0,80.0,34.0,4.0,2.0,3,100.0
260,Bad,72.0,169,5,60.0,21,1,1,96.0,30,6,3,23,1,52.0,0,4,4,66.0,82.0,4.0,3.0,1,78.0
261,Good,61.0,183,26,111.0,3,1,1,60.0,7,4,2,5,0,20.0,-7,1,1,94.0,-8.0,1.0,1.0,-8,100.0
262,Bad,78.0,199,7,73.0,39,0,0,95.0,22,6,6,40,1,21.0,-7,1,0,15.0,19.0,2.0,5.0,1,50.0
263,Good,73.0,134,3,55.0,26,0,0,100.0,-7,7,8,26,5,35.0,6,1,0,64.0,33.0,4.0,2.0,2,64.0
264,Bad,57.0,132,3,67.0,47,1,1,96.0,6,4,6,14,2,55.0,0,5,5,50.0,86.0,8.0,13.0,2,81.0
265,Good,86.0,160,14,82.0,15,0,0,100.0,-7,7,8,15,0,20.0,0,1,1,31.0,56.0,2.0,2.0,0,50.0
266,Bad,76.0,82,19,55.0,10,0,0,100.0,-7,7,8,10,0,40.0,0,2,2,40.0,36.0,2.0,3.0,1,71.0
267,Bad,60.0,146,6,116.0,6,3,1,55.0,6,0,2,11,1,55.0,-7,1,1,83.0,-8.0,1.0,1.0,1,75.0
268,Bad,75.0,23,6,15.0,2,0,0,100.0,-7,7,8,2,1,50.0,0,0,0,17.0,100.0,1.0,1.0,0,100.0
269,Bad,79.0,196,5,97.0,28,0,0,100.0,-7,7,8,29,2,48.0,0,0,0,40.0,-8.0,4.0,1.0,1,83.0
270,Bad,72.0,196,6,93.0,39,1,0,95.0,37,6,5,41,3,29.0,0,0,0,34.0,70.0,8.0,3.0,2,55.0
271,Good,86.0,243,5,87.0,16,0,0,100.0,-7,7,8,16,4,44.0,0,1,1,9.0,100.0,2.0,2.0,0,57.0
272,Bad,82.0,266,10,81.0,28,0,0,100.0,-7,7,8,28,1,29.0,0,1,1,12.0,-8.0,3.0,2.0,1,46.0
273,Bad,67.0,233,12,66.0,13,1,0,87.0,10,4,5,15,0,67.0,0,1,1,33.0,81.0,3.0,2.0,1,83.0
274,Bad,62.0,175,2,46.0,18,0,0,95.0,0,4,6,20,2,75.0,0,2,2,57.0,81.0,3.0,5.0,1,89.0
275,Good,84.0,138,2,67.0,21,0,0,100.0,-7,7,8,22,3,55.0,0,2,2,15.0,78.0,3.0,3.0,0,86.0
276,Bad,57.0,140,13,67.0,8,4,4,80.0,26,6,4,10,0,50.0,3,1,1,93.0,71.0,1.0,2.0,1,100.0
277,Good,74.0,502,25,191.0,13,1,0,93.0,25,6,5,14,0,0.0,-8,0,0,51.0,-8.0,3.0,-8.0,1,33.0
278,Good,85.0,140,13,81.0,12,0,0,92.0,82,6,6,13,0,38.0,12,0,0,1.0,93.0,1.0,2.0,0,50.0
279,Good,76.0,157,3,78.0,26,0,0,100.0,-7,7,8,27,2,56.0,2,4,4,26.0,83.0,5.0,3.0,2,89.0
280,Good,74.0,270,11,105.0,10,0,0,80.0,-8,6,6,10,1,90.0,0,0,0,-8.0,-8.0,0.0,4.0,-8,80.0
282,Bad,56.0,153,18,80.0,17,0,0,95.0,1,4,6,20,0,45.0,17,0,0,82.0,-8.0,2.0,1.0,2,75.0
283,Bad,67.0,235,5,39.0,11,0,0,91.0,6,4,6,30,3,27.0,-7,1,1,47.0,78.0,3.0,2.0,0,71.0
285,Good,60.0,349,1,74.0,16,1,1,95.0,4,2,4,19,4,58.0,0,3,3,59.0,29.0,5.0,3.0,1,73.0
286,Good,85.0,321,4,173.0,4,0,0,100.0,-7,7,8,4,1,0.0,-8,0,0,45.0,-8.0,1.0,-8.0,0,50.0
287,Bad,61.0,149,13,75.0,4,4,4,100.0,-7,7,8,8,0,50.0,0,0,0,-8.0,89.0,-8.0,2.0,-8,100.0
288,Good,81.0,223,6,83.0,63,0,0,100.0,-7,7,8,63,3,16.0,0,1,0,15.0,89.0,2.0,3.0,1,40.0
290,Bad,67.0,351,11,98.0,7,2,2,86.0,30,6,6,8,1,14.0,-7,0,0,59.0,-8.0,3.0,-8.0,1,60.0
291,Good,87.0,306,49,122.0,14,0,0,100.0,-7,7,8,14,0,36.0,13,0,0,3.0,-8.0,2.0,-8.0,0,67.0
292,Bad,70.0,117,12,56.0,11,0,0,100.0,-7,7,8,11,0,27.0,0,1,1,99.0,6.0,4.0,1.0,2,100.0
293,Good,79.0,-8,7,104.0,20,0,0,95.0,27,6,6,20,2,55.0,-7,0,0,27.0,49.0,5.0,3.0,0,100.0
294,Good,59.0,370,11,96.0,10,2,2,75.0,35,6,2,29,1,50.0,-7,1,1,76.0,-8.0,2.0,1.0,1,100.0
295,Good,81.0,160,5,79.0,27,0,0,100.0,-7,7,8,21,2,56.0,-7,0,0,46.0,26.0,3.0,3.0,1,67.0
296,Bad,60.0,63,7,31.0,5,1,1,83.0,25,6,2,6,1,33.0,0,2,2,91.0,83.0,2.0,2.0,1,100.0
297,Good,84.0,98,35,68.0,7,0,0,100.0,-7,7,8,7,0,29.0,-8,0,0,12.0,-8.0,2.0,1.0,0,75.0
298,Good,87.0,284,21,108.0,16,0,0,100.0,-7,7,8,51,0,31.0,-8,0,0,4.0,38.0,1.0,1.0,0,43.0
300,Bad,67.0,-8,30,78.0,10,0,0,92.0,1,4,6,13,0,62.0,-7,1,1,73.0,42.0,2.0,2.0,-8,100.0
301,Good,84.0,397,71,199.0,8,0,0,88.0,65,6,6,8,0,13.0,0,0,0,0.0,-8.0,0.0,-8.0,-8,50.0
302,Bad,64.0,172,3,93.0,13,2,0,69.0,12,6,5,16,2,50.0,3,1,1,48.0,90.0,4.0,2.0,1,86.0
303,Bad,71.0,206,2,63.0,17,0,0,94.0,49,6,6,35,1,33.0,0,4,4,74.0,27.0,2.0,2.0,2,67.0
304,Bad,70.0,68,2,41.0,6,0,0,100.0,-7,7,8,7,1,57.0,0,0,0,91.0,17.0,2.0,2.0,1,100.0
305,Good,68.0,435,12,138.0,26,3,1,90.0,13,6,5,30,0,33.0,8,0,0,16.0,31.0,3.0,3.0,1,43.0
306,Good,63.0,232,2,103.0,14,2,2,88.0,21,6,4,17,1,6.0,1,4,4,11.0,-8.0,1.0,-8.0,0,17.0
307,Good,89.0,148,6,72.0,22,1,0,96.0,34,6,5,24,1,13.0,-8,0,0,0.0,-8.0,1.0,1.0,0,12.0
309,Bad,65.0,23,4,15.0,9,0,0,100.0,-7,7,8,9,3,67.0,1,3,2,84.0,76.0,2.0,6.0,2,89.0
310,Good,70.0,98,5,59.0,31,0,0,97.0,36,6,6,35,3,26.0,-7,5,5,19.0,95.0,4.0,2.0,1,50.0
311,Good,86.0,257,20,117.0,29,0,0,100.0,-7,6,7,29,0,45.0,-7,0,0,10.0,48.0,3.0,2.0,0,71.0
312,Bad,69.0,361,8,96.0,26,1,0,89.0,1,4,5,28,1,29.0,-7,0,0,29.0,57.0,5.0,3.0,0,64.0
313,Good,71.0,227,12,116.0,15,2,1,78.0,48,6,4,18,0,28.0,0,2,2,83.0,-8.0,2.0,1.0,2,60.0
314,Bad,58.0,162,8,65.0,21,1,1,100.0,-7,0,8,22,1,33.0,0,1,1,44.0,54.0,4.0,3.0,1,78.0
315,Good,77.0,154,2,70.0,37,0,0,98.0,35,6,6,45,7,53.0,1,10,10,28.0,99.0,3.0,4.0,1,64.0
316,Good,68.0,177,2,70.0,32,0,0,97.0,16,6,6,46,2,60.0,1,2,2,85.0,-8.0,5.0,12.0,5,100.0
317,Bad,65.0,106,5,42.0,11,1,0,92.0,22,6,5,13,3,31.0,0,2,2,60.0,-8.0,4.0,1.0,1,83.0
318,Good,64.0,165,1,52.0,9,2,2,82.0,28,6,4,12,1,18.0,0,2,2,9.0,100.0,2.0,1.0,0,50.0
319,Bad,65.0,125,7,65.0,12,3,1,65.0,8,3,4,18,1,35.0,0,5,4,22.0,-8.0,2.0,2.0,0,40.0
320,Good,55.0,316,8,119.0,22,1,0,78.0,1,4,5,23,1,26.0,-8,0,0,29.0,-8.0,4.0,2.0,1,50.0
321,Bad,93.0,146,13,159.0,11,0,0,100.0,-7,7,8,10,0,27.0,-8,0,0,0.0,-8.0,1.0,1.0,0,40.0
322,Bad,80.0,113,5,48.0,13,0,0,86.0,26,6,6,14,2,14.0,4,1,1,0.0,-8.0,0.0,1.0,0,17.0
323,Good,80.0,104,10,93.0,36,0,0,97.0,36,6,6,6,1,23.0,8,0,0,18.0,-8.0,3.0,3.0,0,46.0
324,Bad,70.0,166,14,82.0,26,1,0,79.0,17,6,5,28,0,29.0,1,1,1,42.0,87.0,7.0,2.0,0,45.0
325,Good,82.0,297,38,130.0,11,0,0,100.0,-7,7,8,11,0,18.0,0,0,0,32.0,-8.0,4.0,1.0,1,56.0
326,Good,86.0,232,1,75.0,21,0,0,100.0,-7,7,8,23,2,17.0,0,2,2,1.0,51.0,2.0,2.0,0,29.0
327,Bad,80.0,177,1,64.0,33,0,0,100.0,-7,5,7,35,5,34.0,1,4,3,19.0,44.0,3.0,3.0,1,75.0
328,Bad,76.0,119,10,51.0,21,0,0,100.0,-7,7,8,21,1,33.0,9,0,0,31.0,65.0,1.0,3.0,0,80.0
329,Bad,66.0,87,6,51.0,31,0,0,100.0,-7,5,7,31,4,32.0,-7,0,0,49.0,91.0,8.0,3.0,1,79.0
330,Bad,74.0,119,11,39.0,4,0,0,100.0,-7,7,8,4,1,75.0,0,0,0,64.0,75.0,1.0,2.0,0,100.0
331,Good,91.0,290,7,108.0,21,0,0,100.0,-7,7,8,43,1,14.0,-8,0,0,3.0,-8.0,3.0,1.0,0,50.0
332,Good,78.0,319,2,82.0,53,0,0,98.0,47,6,6,58,3,24.0,0,3,3,12.0,-8.0,3.0,4.0,0,58.0
333,Bad,57.0,280,9,86.0,24,1,0,81.0,2,3,5,27,1,44.0,0,1,1,75.0,88.0,8.0,3.0,5,92.0
334,Bad,81.0,397,35,108.0,21,0,0,100.0,-7,7,8,21,0,14.0,0,2,2,23.0,-8.0,13.0,-8.0,1,81.0
335,Bad,85.0,143,1,71.0,12,0,0,100.0,-7,7,8,13,3,23.0,1,1,1,12.0,100.0,2.0,2.0,0,50.0
336,Bad,68.0,134,3,45.0,28,1,0,94.0,50,6,5,31,7,45.0,0,3,3,23.0,94.0,4.0,3.0,1,58.0
337,Bad,65.0,96,15,33.0,11,0,0,100.0,-7,7,8,12,0,9.0,-7,0,0,85.0,-8.0,6.0,1.0,3,100.0
338,Good,70.0,207,5,58.0,12,1,1,100.0,-7,6,8,14,3,29.0,1,4,4,2.0,-8.0,1.0,1.0,0,29.0
339,Bad,71.0,-8,16,161.0,6,1,0,86.0,23,6,5,0,0,29.0,-7,0,0,88.0,-8.0,2.0,1.0,1,100.0
340,Bad,66.0,100,5,56.0,13,2,0,71.0,39,6,5,17,2,41.0,0,4,1,39.0,82.0,2.0,2.0,1,57.0
341,Bad,66.0,198,1,103.0,18,2,2,83.0,10,4,2,11,2,39.0,0,1,1,0.0,59.0,0.0,3.0,0,50.0
342,Bad,65.0,259,39,121.0,8,1,1,67.0,5,4,2,9,0,11.0,0,1,1,34.0,-8.0,3.0,-8.0,-8,60.0
343,Bad,76.0,266,1,93.0,12,0,0,100.0,-7,7,8,13,6,62.0,0,3,3,86.0,85.0,3.0,3.0,1,100.0
344,Bad,64.0,175,4,63.0,27,0,0,100.0,-7,7,8,27,5,30.0,0,0,0,63.0,86.0,10.0,3.0,4,81.0
345,Bad,74.0,344,9,86.0,13,1,1,93.0,14,6,2,14,1,57.0,-7,1,1,0.0,31.0,1.0,3.0,0,67.0
346,Good,82.0,169,9,64.0,27,0,0,100.0,-7,7,8,19,1,15.0,11,0,0,17.0,56.0,4.0,2.0,0,30.0
347,Good,81.0,69,6,19.0,6,0,0,100.0,-7,7,8,3,4,33.0,4,2,1,3.0,-8.0,2.0,2.0,0,100.0
348,Good,77.0,266,2,69.0,12,0,0,100.0,-7,6,7,14,4,46.0,0,5,5,73.0,59.0,4.0,3.0,1,78.0
349,Bad,66.0,265,6,101.0,32,3,2,86.0,8,4,2,36,4,33.0,0,1,1,39.0,-8.0,7.0,1.0,1,89.0
350,Good,91.0,303,4,101.0,11,0,0,100.0,-7,7,8,12,1,36.0,-8,0,0,1.0,97.0,2.0,2.0,0,57.0
351,Good,83.0,339,12,87.0,11,0,0,100.0,-7,7,8,12,0,45.0,21,0,0,58.0,43.0,3.0,2.0,1,83.0
352,Bad,64.0,139,18,68.0,20,5,2,56.0,14,6,3,25,0,28.0,0,0,0,0.0,68.0,0.0,2.0,0,18.0
353,Good,82.0,34,5,26.0,4,0,0,100.0,-7,7,8,4,1,50.0,5,0,0,0.0,95.0,0.0,2.0,0,50.0
354,Good,75.0,279,5,79.0,16,0,0,100.0,-7,7,8,16,3,19.0,22,0,0,61.0,-8.0,3.0,-8.0,3,60.0
355,Bad,70.0,196,2,56.0,25,0,0,100.0,-7,7,8,27,4,30.0,0,3,3,34.0,79.0,4.0,4.0,1,47.0
356,Bad,65.0,321,6,114.0,27,1,1,82.0,17,5,3,28,3,32.0,0,0,0,66.0,-8.0,6.0,1.0,1,88.0
357,Good,71.0,160,4,68.0,31,0,0,100.0,-7,7,8,31,3,35.0,1,1,1,61.0,35.0,5.0,3.0,1,80.0
358,Bad,74.0,99,8,51.0,16,0,0,100.0,-7,7,8,16,1,56.0,0,0,0,15.0,-8.0,5.0,3.0,1,89.0
359,Good,72.0,214,17,61.0,21,0,0,100.0,-7,7,8,21,0,33.0,0,0,0,66.0,66.0,7.0,2.0,2,64.0
360,Good,77.0,272,9,121.0,20,0,0,100.0,-7,6,8,20,1,25.0,0,0,0,42.0,88.0,8.0,2.0,1,77.0
361,Bad,79.0,166,6,91.0,24,0,0,96.0,13,6,6,15,1,17.0,-8,0,0,24.0,-8.0,4.0,2.0,0,46.0
362,Good,63.0,329,2,148.0,27,4,3,85.0,44,6,4,33,4,33.0,2,5,5,37.0,71.0,7.0,2.0,1,82.0
363,Bad,67.0,100,3,46.0,8,1,1,67.0,23,6,2,9,1,33.0,0,3,3,13.0,83.0,1.0,1.0,0,50.0
364,Bad,61.0,131,1,44.0,9,0,0,100.0,-7,7,8,10,4,40.0,0,6,6,94.0,92.0,5.0,4.0,4,100.0
365,Good,54.0,-8,9,99.0,10,8,5,59.0,1,0,2,17,1,29.0,-7,1,1,99.0,-8.0,2.0,1.0,-8,75.0
366,Bad,66.0,293,2,67.0,13,0,0,93.0,-8,6,6,14,3,36.0,0,3,3,90.0,97.0,3.0,3.0,2,100.0
367,Good,60.0,286,3,81.0,20,0,0,90.0,2,4,6,21,4,70.0,1,2,2,55.0,72.0,4.0,8.0,1,100.0
368,Bad,71.0,91,5,36.0,12,0,0,92.0,66,6,6,12,3,67.0,11,0,0,18.0,-8.0,2.0,2.0,0,80.0
369,Good,70.0,281,8,77.0,26,0,0,92.0,34,6,6,27,1,35.0,-8,0,0,55.0,28.0,5.0,2.0,3,58.0
370,Good,84.0,204,8,72.0,16,0,0,100.0,-7,7,8,17,1,59.0,0,0,0,23.0,54.0,2.0,2.0,-8,67.0
371,Good,80.0,148,3,103.0,16,0,0,100.0,-7,7,8,16,1,75.0,3,1,1,47.0,51.0,1.0,6.0,1,88.0
372,Bad,63.0,129,6,51.0,13,0,0,85.0,1,4,6,13,3,46.0,0,3,2,43.0,2.0,4.0,2.0,0,75.0
373,Bad,61.0,96,3,28.0,9,1,1,80.0,8,4,2,16,3,40.0,-7,0,0,26.0,99.0,3.0,2.0,1,63.0
375,Bad,70.0,23,17,21.0,3,0,0,100.0,-7,7,8,4,0,67.0,-7,0,0,95.0,78.0,1.0,1.0,-8,100.0
376,Bad,68.0,142,1,72.0,55,0,0,100.0,-7,7,8,67,8,45.0,1,2,2,58.0,81.0,9.0,4.0,5,59.0
377,Good,80.0,198,19,94.0,16,0,0,100.0,-7,7,8,16,0,25.0,0,0,0,25.0,-8.0,3.0,1.0,2,40.0
378,Bad,55.0,25,5,14.0,9,0,0,100.0,-7,7,8,9,5,56.0,0,1,1,97.0,93.0,3.0,2.0,2,100.0
380,Good,70.0,88,3,45.0,38,0,0,97.0,8,4,6,38,3,13.0,3,2,2,15.0,45.0,1.0,1.0,0,10.0
381,Bad,60.0,199,9,53.0,23,0,0,74.0,2,4,6,23,1,17.0,0,1,1,36.0,88.0,11.0,3.0,1,70.0
382,Bad,59.0,180,5,55.0,45,1,1,80.0,0,4,4,49,6,65.0,1,2,2,20.0,87.0,7.0,4.0,0,80.0
383,Good,72.0,-8,13,118.0,19,0,0,100.0,-7,7,8,20,0,35.0,-7,7,7,50.0,-8.0,5.0,-8.0,1,100.0
384,Bad,40.0,177,1,64.0,4,14,10,29.0,2,0,2,17,3,53.0,-7,8,8,106.0,97.0,1.0,2.0,1,100.0
385,Bad,70.0,84,1,46.0,16,0,0,94.0,-7,5,7,23,2,11.0,0,2,2,86.0,91.0,7.0,1.0,4,80.0
386,Good,81.0,244,3,128.0,54,0,0,98.0,-8,6,6,56,3,41.0,0,4,4,25.0,97.0,6.0,3.0,0,90.0
387,Good,66.0,305,36,134.0,26,1,0,90.0,8,4,5,29,0,28.0,5,0,0,46.0,-8.0,6.0,2.0,3,62.0
388,Good,81.0,80,10,86.0,13,0,0,100.0,-7,7,8,19,3,31.0,-7,0,0,39.0,-8.0,5.0,1.0,0,100.0
389,Good,61.0,185,5,85.0,34,0,0,94.0,7,4,6,15,2,26.0,15,0,0,57.0,83.0,16.0,2.0,3,95.0
390,Bad,76.0,182,0,89.0,41,0,0,100.0,-7,7,8,44,3,27.0,0,3,3,40.0,100.0,5.0,4.0,3,50.0
391,Bad,66.0,204,6,89.0,20,0,0,100.0,-7,7,8,20,1,40.0,0,1,1,90.0,100.0,2.0,2.0,1,100.0
392,Bad,62.0,80,2,47.0,24,0,0,96.0,59,6,6,25,1,48.0,0,0,0,73.0,113.0,5.0,5.0,2,91.0
393,Good,76.0,78,3,70.0,23,0,0,100.0,-7,7,8,2,5,8.0,0,2,2,76.0,-8.0,5.0,-8.0,2,56.0
394,Bad,63.0,173,4,37.0,18,0,0,94.0,31,6,6,18,4,22.0,-7,0,0,54.0,99.0,9.0,2.0,4,79.0
395,Bad,69.0,188,20,80.0,18,3,3,85.0,23,6,2,3,0,40.0,-7,5,5,16.0,-8.0,5.0,-8.0,0,83.0
397,Bad,67.0,92,4,30.0,14,0,0,100.0,-7,7,8,14,3,29.0,0,1,1,44.0,95.0,6.0,2.0,1,82.0
398,Good,82.0,172,0,71.0,23,0,0,100.0,-7,7,8,24,4,54.0,0,1,1,4.0,81.0,4.0,3.0,0,70.0
399,Good,70.0,284,2,71.0,18,0,0,100.0,-7,7,8,19,4,32.0,0,10,10,31.0,100.0,9.0,6.0,0,94.0
400,Bad,75.0,52,3,17.0,10,0,0,100.0,-7,7,8,10,6,60.0,0,4,4,4.0,71.0,1.0,5.0,0,75.0
401,Bad,66.0,210,5,74.0,31,1,1,97.0,-8,6,6,34,3,67.0,0,1,1,30.0,90.0,3.0,2.0,0,56.0
402,Bad,67.0,137,1,54.0,15,0,0,82.0,38,6,6,17,1,24.0,0,3,2,47.0,-8.0,4.0,1.0,1,60.0
403,Good,72.0,269,2,86.0,25,0,0,85.0,0,4,6,26,1,12.0,0,2,2,1.0,-8.0,3.0,1.0,0,29.0
404,Bad,67.0,-8,4,20.0,17,1,1,100.0,-7,6,8,18,8,17.0,-7,1,1,10.0,89.0,2.0,2.0,1,29.0
405,Bad,73.0,420,97,208.0,7,0,0,88.0,64,6,6,8,0,25.0,0,0,0,76.0,-8.0,3.0,-8.0,2,75.0
406,Bad,59.0,116,10,70.0,3,1,1,75.0,11,0,2,4,1,100.0,0,1,1,-8.0,77.0,-8.0,2.0,-8,100.0
407,Good,57.0,151,22,102.0,4,6,6,60.0,80,6,2,10,0,100.0,0,1,1,-8.0,-8.0,-8.0,1.0,-8,100.0
409,Bad,65.0,-8,3,101.0,19,0,0,90.0,5,4,6,21,3,43.0,15,0,0,59.0,-8.0,4.0,1.0,3,50.0
410,Good,65.0,273,5,62.0,32,0,0,100.0,-7,7,8,51,4,59.0,-7,2,2,57.0,88.0,7.0,4.0,3,85.0
411,Bad,75.0,312,5,78.0,26,1,1,100.0,-7,7,8,26,4,31.0,-7,4,4,10.0,36.0,3.0,2.0,0,56.0
412,Good,72.0,324,11,94.0,23,0,0,100.0,-7,7,8,23,1,35.0,8,1,1,43.0,64.0,3.0,4.0,1,64.0
413,Bad,81.0,154,21,73.0,13,0,0,100.0,-7,7,8,13,0,23.0,0,0,0,46.0,-8.0,4.0,-8.0,0,67.0
414,Bad,57.0,257,7,81.0,11,5,3,40.0,7,1,3,15,1,40.0,0,1,1,11.0,-8.0,3.0,1.0,0,57.0
415,Bad,60.0,197,4,70.0,6,2,2,71.0,25,5,2,7,1,14.0,0,1,1,23.0,82.0,3.0,1.0,1,80.0
416,Good,71.0,197,9,87.0,12,0,0,77.0,56,6,6,13,1,54.0,-7,0,0,92.0,83.0,2.0,3.0,1,83.0
417,Bad,65.0,157,6,44.0,13,1,0,93.0,30,6,5,14,4,36.0,4,1,1,23.0,80.0,3.0,2.0,-8,67.0
418,Bad,70.0,154,8,124.0,9,1,0,70.0,5,3,5,24,1,50.0,-7,1,1,9.0,-8.0,1.0,1.0,0,40.0
419,Bad,66.0,87,13,38.0,14,1,1,93.0,29,6,6,16,0,67.0,0,0,0,48.0,75.0,2.0,3.0,1,83.0
420,Good,81.0,156,1,77.0,31,0,0,100.0,-7,7,8,37,2,39.0,0,4,4,13.0,-8.0,1.0,2.0,0,33.0
421,Good,70.0,88,16,48.0,12,0,0,100.0,-7,7,8,12,0,8.0,0,1,1,79.0,89.0,7.0,1.0,2,89.0
422,Good,83.0,265,6,83.0,16,0,0,100.0,-7,7,8,16,2,19.0,5,0,0,13.0,-8.0,1.0,1.0,0,22.0
423,Good,64.0,223,3,77.0,21,0,0,100.0,-7,7,8,21,1,10.0,0,6,6,93.0,-8.0,6.0,1.0,3,100.0
424,Good,64.0,285,4,134.0,20,1,1,100.0,-7,0,8,4,1,30.0,0,6,6,5.0,-8.0,4.0,1.0,1,75.0
425,Good,83.0,108,14,57.0,15,0,0,100.0,-7,7,8,15,0,27.0,0,2,2,6.0,54.0,3.0,2.0,0,56.0
426,Good,77.0,149,3,69.0,18,0,0,94.0,7,4,6,18,2,72.0,10,0,0,13.0,82.0,1.0,4.0,0,71.0
427,Bad,83.0,210,3,74.0,24,0,0,100.0,-7,7,8,24,3,29.0,0,3,3,11.0,87.0,2.0,2.0,0,40.0
428,Bad,54.0,324,3,79.0,22,6,5,70.0,3,0,2,37,2,37.0,-7,2,2,12.0,66.0,3.0,4.0,0,78.0
429,Good,66.0,115,7,109.0,35,0,0,100.0,-7,7,8,3,2,40.0,-7,1,1,82.0,67.0,4.0,4.0,3,90.0
430,Bad,84.0,241,4,93.0,17,0,0,95.0,28,6,6,40,3,53.0,-7,1,1,8.0,100.0,2.0,2.0,0,67.0
431,Good,65.0,390,8,90.0,10,3,2,71.0,27,6,2,14,1,29.0,0,4,4,43.0,-8.0,2.0,1.0,0,75.0
432,Bad,71.0,228,5,85.0,35,0,0,100.0,-7,7,8,40,3,40.0,-7,4,4,62.0,23.0,4.0,2.0,1,54.0
433,Bad,65.0,82,1,43.0,25,2,1,97.0,70,6,5,30,3,33.0,2,4,4,33.0,53.0,2.0,8.0,1,56.0
434,Good,84.0,196,13,144.0,48,0,0,100.0,-7,7,8,19,0,36.0,0,3,2,23.0,-8.0,4.0,1.0,1,56.0
435,Good,92.0,276,11,99.0,25,0,0,100.0,-7,7,8,28,1,29.0,6,0,0,0.0,-8.0,1.0,1.0,0,33.0
436,Bad,68.0,113,4,46.0,13,0,0,100.0,-7,7,8,14,3,50.0,6,0,0,54.0,-8.0,2.0,3.0,2,63.0
438,Good,85.0,177,4,63.0,11,0,0,100.0,-7,7,8,11,2,27.0,0,0,0,0.0,89.0,2.0,3.0,0,56.0
440,Bad,70.0,116,2,65.0,26,0,0,96.0,37,6,6,27,4,52.0,0,2,2,44.0,70.0,7.0,4.0,0,92.0
441,Good,87.0,266,15,137.0,24,0,0,100.0,-7,7,8,3,0,40.0,21,0,0,4.0,-8.0,4.0,2.0,0,46.0
443,Good,60.0,252,17,78.0,17,1,1,100.0,-7,7,8,20,0,50.0,-7,1,1,85.0,67.0,3.0,3.0,3,86.0
444,Bad,56.0,167,7,75.0,31,0,0,88.0,2,4,6,33,1,42.0,0,1,1,74.0,62.0,11.0,2.0,2,93.0
445,Bad,71.0,404,4,130.0,26,1,0,81.0,3,4,5,27,1,15.0,0,0,0,19.0,49.0,5.0,2.0,1,44.0
446,Good,76.0,157,15,93.0,10,2,1,91.0,40,6,5,11,0,18.0,-8,0,0,0.0,-8.0,0.0,-8.0,0,0.0
447,Good,88.0,170,3,87.0,14,0,0,100.0,-7,7,8,15,1,29.0,2,1,1,1.0,97.0,1.0,2.0,0,67.0
448,Bad,62.0,137,23,90.0,13,0,0,71.0,7,4,6,14,0,7.0,0,1,1,44.0,-8.0,4.0,-8.0,3,67.0
450,Good,89.0,148,15,79.0,11,0,0,100.0,-7,7,8,12,0,33.0,0,0,0,2.0,-8.0,3.0,1.0,0,80.0
451,Bad,47.0,150,15,78.0,21,4,2,75.0,2,3,2,28,0,57.0,0,1,1,77.0,-8.0,5.0,1.0,2,86.0
452,Good,67.0,125,6,57.0,19,2,0,81.0,12,6,5,22,4,19.0,23,1,0,16.0,48.0,3.0,3.0,0,55.0
453,Good,82.0,241,2,93.0,21,0,0,100.0,-7,7,8,22,1,32.0,1,1,1,12.0,98.0,3.0,2.0,1,56.0
454,Bad,56.0,349,2,83.0,35,0,0,89.0,21,6,6,38,7,39.0,0,3,3,74.0,83.0,11.0,5.0,6,85.0
455,Bad,79.0,192,20,122.0,4,0,0,100.0,-7,7,8,5,0,20.0,0,3,3,40.0,53.0,1.0,1.0,1,75.0
456,Bad,88.0,-8,10,98.0,23,0,0,100.0,-7,7,8,38,1,29.0,-7,2,2,1.0,35.0,6.0,2.0,0,73.0
457,Bad,80.0,250,1,76.0,10,0,0,92.0,-8,6,6,12,1,33.0,0,2,2,4.0,7.0,3.0,3.0,1,75.0
458,Good,76.0,111,15,63.0,9,0,0,100.0,-7,7,8,9,0,56.0,-8,0,0,92.0,82.0,2.0,2.0,2,100.0
459,Bad,58.0,149,4,64.0,30,0,0,93.0,34,6,6,30,3,37.0,0,3,3,90.0,77.0,7.0,8.0,4,83.0
460,Bad,71.0,132,2,53.0,10,1,0,85.0,23,6,5,13,2,46.0,0,1,1,36.0,85.0,4.0,2.0,1,100.0
461,Bad,60.0,92,16,58.0,19,4,3,78.0,5,3,2,23,0,57.0,-7,2,2,51.0,-8.0,2.0,1.0,0,60.0
462,Good,76.0,285,4,100.0,21,0,0,82.0,44,6,6,22,1,27.0,0,0,0,27.0,75.0,6.0,3.0,0,69.0
463,Bad,60.0,59,3,31.0,14,0,0,93.0,-8,6,6,14,4,36.0,0,5,4,57.0,48.0,8.0,4.0,1,100.0
464,Good,62.0,265,11,90.0,33,0,0,88.0,4,4,6,33,1,33.0,-7,0,0,35.0,48.0,6.0,5.0,1,50.0
465,Bad,58.0,258,1,81.0,16,0,0,89.0,9,4,6,18,3,33.0,-7,3,3,81.0,95.0,8.0,3.0,4,92.0
466,Good,74.0,-8,4,100.0,8,1,1,88.0,30,6,6,0,1,13.0,4,1,1,2.0,-8.0,1.0,1.0,0,43.0
467,Good,72.0,189,2,70.0,19,0,0,100.0,-7,7,8,22,2,41.0,-7,3,3,92.0,-8.0,6.0,1.0,4,78.0
468,Bad,83.0,104,15,54.0,22,0,0,100.0,-7,7,8,22,0,45.0,0,0,0,57.0,52.0,2.0,3.0,0,56.0
469,Bad,61.0,215,14,120.0,16,0,0,89.0,4,4,6,18,0,39.0,0,2,2,45.0,-8.0,5.0,1.0,2,67.0
470,Good,85.0,317,21,97.0,15,0,0,100.0,-7,7,8,31,0,27.0,-7,1,1,5.0,-8.0,3.0,-8.0,1,60.0
471,Good,80.0,88,8,48.0,16,0,0,100.0,-7,7,8,16,2,25.0,-7,0,0,3.0,-8.0,2.0,1.0,0,38.0
472,Bad,61.0,157,2,53.0,24,0,0,84.0,1,4,6,25,4,36.0,0,0,0,41.0,98.0,1.0,4.0,1,55.0
475,Bad,70.0,214,1,74.0,41,0,0,98.0,41,6,6,42,3,21.0,1,1,1,69.0,-8.0,15.0,3.0,3,95.0
476,Good,92.0,-8,37,103.0,19,0,0,100.0,-7,7,8,0,0,26.0,0,1,1,0.0,-8.0,0.0,-8.0,0,0.0
477,Bad,77.0,128,5,67.0,35,0,0,100.0,-7,7,8,36,2,17.0,0,1,1,24.0,100.0,2.0,2.0,1,29.0
478,Good,59.0,213,24,90.0,13,0,0,85.0,5,4,6,14,0,54.0,1,10,10,104.0,-8.0,2.0,1.0,2,100.0
479,Bad,67.0,234,3,96.0,43,0,0,100.0,-7,7,8,43,3,12.0,0,1,1,79.0,24.0,23.0,4.0,11,87.0
480,Bad,56.0,125,4,47.0,10,0,0,83.0,3,4,6,12,1,17.0,0,1,1,85.0,-8.0,4.0,1.0,4,71.0
482,Good,70.0,150,26,165.0,31,0,0,95.0,1,4,6,10,0,37.0,1,3,3,7.0,-8.0,4.0,2.0,0,46.0
483,Bad,66.0,134,4,44.0,13,2,2,93.0,54,6,3,15,1,53.0,0,1,1,92.0,60.0,4.0,6.0,1,91.0
484,Bad,70.0,148,2,79.0,18,0,0,90.0,26,6,6,21,1,38.0,-7,3,2,38.0,100.0,2.0,2.0,2,63.0
485,Good,87.0,228,3,68.0,31,0,0,100.0,-7,7,8,31,3,29.0,0,3,3,0.0,98.0,1.0,2.0,0,33.0
486,Good,86.0,372,14,119.0,23,0,0,96.0,49,6,6,7,0,26.0,-8,0,0,8.0,-8.0,2.0,1.0,0,50.0
487,Bad,65.0,143,7,85.0,13,0,0,93.0,11,4,6,14,2,43.0,0,0,0,73.0,76.0,3.0,3.0,2,100.0
488,Good,88.0,211,20,103.0,13,0,0,100.0,-7,7,8,14,0,57.0,-7,0,0,0.0,19.0,2.0,3.0,0,71.0
489,Good,91.0,390,22,194.0,25,0,0,100.0,-7,7,8,25,0,24.0,-8,0,0,5.0,-8.0,4.0,2.0,0,86.0
490,Good,68.0,298,4,86.0,19,4,4,89.0,53,6,6,22,2,47.0,5,1,1,6.0,85.0,2.0,3.0,0,63.0
491,Bad,84.0,106,11,64.0,22,0,0,100.0,-7,7,8,23,1,26.0,0,1,1,0.0,-8.0,0.0,-8.0,0,0.0
492,Bad,50.0,144,7,74.0,36,3,2,86.0,1,0,2,42,1,52.0,0,0,0,92.0,45.0,7.0,4.0,2,92.0
494,Bad,68.0,180,7,72.0,24,0,0,92.0,35,6,6,35,1,56.0,3,1,1,48.0,43.0,3.0,3.0,1,86.0
495,Good,80.0,261,8,104.0,22,0,0,100.0,-7,7,8,22,1,59.0,-7,1,1,39.0,76.0,3.0,2.0,1,71.0
496,Good,86.0,237,17,88.0,13,0,0,100.0,-7,7,8,14,0,43.0,-8,0,0,6.0,-8.0,2.0,2.0,0,80.0
497,Bad,47.0,204,16,100.0,25,2,2,89.0,1,0,6,28,0,21.0,-7,1,0,76.0,-8.0,9.0,1.0,3,85.0
498,Bad,68.0,377,10,81.0,16,1,0,90.0,58,6,5,21,3,29.0,0,2,1,54.0,35.0,8.0,2.0,1,85.0
499,Good,79.0,121,44,72.0,11,0,0,91.0,30,6,6,11,0,55.0,-7,0,0,11.0,-8.0,1.0,1.0,0,67.0
500,Good,79.0,49,4,62.0,28,0,0,100.0,-7,7,8,6,3,36.0,1,1,1,26.0,71.0,2.0,2.0,1,71.0
501,Good,84.0,140,5,74.0,22,0,0,100.0,-7,7,8,24,2,14.0,0,1,1,36.0,22.0,1.0,2.0,0,30.0
502,Good,76.0,188,7,56.0,24,0,0,100.0,-7,7,8,24,1,42.0,13,0,0,47.0,-8.0,5.0,1.0,1,55.0
503,Good,64.0,162,5,73.0,4,3,3,67.0,54,6,2,7,1,33.0,0,1,1,57.0,-8.0,2.0,1.0,0,100.0
504,Bad,69.0,208,5,61.0,48,1,1,98.0,36,6,3,53,6,26.0,0,3,3,78.0,93.0,8.0,4.0,3,75.0
505,Bad,60.0,159,6,69.0,15,0,0,73.0,2,4,6,22,1,33.0,13,0,0,62.0,42.0,4.0,3.0,2,88.0
506,Good,87.0,122,2,121.0,12,0,0,100.0,-7,7,8,3,3,31.0,2,2,2,6.0,-8.0,3.0,1.0,0,50.0
507,Bad,65.0,116,3,39.0,22,0,0,95.0,15,6,6,22,3,32.0,0,1,1,50.0,47.0,5.0,4.0,1,69.0
509,Good,55.0,139,3,65.0,51,0,0,98.0,2,4,6,51,3,27.0,0,11,9,80.0,-8.0,17.0,2.0,10,79.0
510,Good,77.0,147,3,72.0,29,0,0,93.0,52,6,6,30,3,37.0,0,2,2,31.0,74.0,3.0,4.0,0,70.0
511,Bad,58.0,223,3,106.0,24,2,2,89.0,0,4,3,27,5,37.0,0,1,1,31.0,93.0,4.0,4.0,0,67.0
512,Good,71.0,410,4,53.0,19,0,0,84.0,22,6,6,23,2,42.0,-7,2,2,40.0,38.0,4.0,4.0,0,75.0
513,Bad,74.0,274,2,66.0,23,0,0,100.0,-7,6,8,28,4,39.0,0,2,2,18.0,65.0,3.0,5.0,1,67.0
514,Bad,65.0,206,5,68.0,30,0,0,97.0,6,4,6,68,1,39.0,1,1,1,63.0,73.0,6.0,3.0,1,100.0
515,Good,73.0,347,6,140.0,32,0,0,100.0,-7,7,8,32,1,9.0,-8,0,0,41.0,-8.0,15.0,1.0,6,74.0
516,Good,88.0,74,2,120.0,23,0,0,100.0,-7,7,8,13,2,25.0,3,1,1,2.0,61.0,3.0,1.0,0,56.0
517,Good,81.0,206,1,103.0,30,0,0,100.0,-7,6,7,34,4,52.0,5,0,0,16.0,93.0,4.0,7.0,1,61.0
518,Good,75.0,160,17,39.0,10,0,0,100.0,-7,7,8,8,0,36.0,-7,0,0,62.0,56.0,3.0,2.0,1,100.0
519,Bad,58.0,107,16,45.0,13,1,1,79.0,3,4,2,13,0,21.0,-7,1,1,42.0,55.0,4.0,2.0,0,55.0
520,Good,77.0,90,10,41.0,3,0,0,100.0,-7,7,8,3,1,67.0,0,0,0,26.0,83.0,1.0,2.0,0,100.0
522,Good,85.0,244,21,123.0,26,0,0,100.0,-7,7,8,21,0,46.0,7,0,0,8.0,-8.0,6.0,-8.0,0,67.0
523,Good,76.0,125,1,84.0,39,0,0,100.0,-7,7,8,9,8,20.0,0,5,5,10.0,100.0,8.0,3.0,1,44.0
524,Good,86.0,191,3,77.0,38,0,0,100.0,-7,7,8,40,3,58.0,5,0,0,6.0,-8.0,4.0,2.0,1,55.0
525,Good,83.0,154,4,57.0,13,0,0,93.0,-8,6,6,14,1,43.0,0,0,0,4.0,80.0,1.0,4.0,1,45.0
526,Bad,64.0,56,40,47.0,2,2,0,50.0,20,6,5,4,0,50.0,0,0,0,-8.0,23.0,-8.0,2.0,-8,100.0
527,Good,80.0,216,6,84.0,33,0,0,100.0,-7,7,8,33,2,27.0,0,4,4,2.0,140.0,3.0,1.0,0,57.0
528,Good,71.0,155,1,71.0,24,0,0,100.0,-7,7,8,25,3,32.0,3,3,3,54.0,-8.0,3.0,1.0,1,100.0
529,Good,69.0,194,4,63.0,41,0,0,95.0,15,6,6,41,5,29.0,0,2,2,0.0,99.0,3.0,4.0,0,35.0
530,Bad,76.0,98,9,58.0,15,0,0,69.0,6,4,6,16,1,44.0,0,1,1,2.0,-8.0,2.0,3.0,1,75.0
531,Good,79.0,147,5,50.0,34,0,0,100.0,-7,7,8,34,7,15.0,0,1,1,1.0,44.0,2.0,2.0,0,18.0
532,Good,68.0,385,21,83.0,20,1,1,95.0,12,6,3,22,0,36.0,10,0,0,56.0,-8.0,6.0,2.0,2,80.0
533,Good,83.0,159,10,66.0,23,0,0,96.0,32,6,6,25,3,32.0,10,0,0,7.0,-8.0,2.0,2.0,0,80.0
534,Good,77.0,414,9,109.0,15,1,1,94.0,30,6,2,16,1,19.0,4,1,1,9.0,-8.0,2.0,-8.0,0,29.0
535,Bad,55.0,234,13,83.0,20,1,0,70.0,1,3,5,24,0,22.0,4,3,3,46.0,24.0,8.0,3.0,2,72.0
536,Good,74.0,170,2,10.0,3,0,0,100.0,-7,7,8,24,3,25.0,0,3,3,2.0,-8.0,2.0,1.0,0,75.0
537,Good,81.0,113,2,53.0,15,0,0,100.0,-7,7,8,16,3,0.0,-7,1,1,19.0,-8.0,4.0,-8.0,0,44.0
538,Good,73.0,164,17,87.0,20,1,0,91.0,23,6,5,22,0,50.0,-7,2,2,35.0,-8.0,2.0,1.0,0,43.0
539,Good,89.0,379,156,257.0,3,0,0,100.0,-7,7,8,3,0,33.0,-7,0,0,0.0,-8.0,0.0,-8.0,-8,0.0
540,Bad,63.0,110,4,38.0,4,0,0,80.0,15,6,6,5,2,60.0,0,3,3,63.0,87.0,1.0,2.0,0,100.0
541,Bad,57.0,35,7,16.0,10,0,0,100.0,-7,7,8,10,4,30.0,0,2,2,81.0,85.0,6.0,2.0,2,89.0
542,Good,76.0,270,5,97.0,19,3,3,95.0,62,6,2,5,1,35.0,5,0,0,2.0,70.0,4.0,3.0,0,58.0
543,Good,77.0,213,4,96.0,45,0,0,96.0,33,6,6,47,3,23.0,0,2,2,11.0,-8.0,4.0,-8.0,0,31.0
545,Bad,54.0,40,6,23.0,7,0,0,86.0,14,6,6,7,1,57.0,0,2,2,89.0,74.0,3.0,3.0,-8,100.0
546,Good,83.0,158,4,80.0,34,0,0,100.0,-7,7,8,10,3,21.0,11,0,0,3.0,-8.0,5.0,3.0,0,35.0
547,Bad,54.0,87,2,22.0,33,0,0,100.0,-7,7,8,34,11,24.0,-7,5,5,38.0,90.0,17.0,2.0,2,79.0
548,Bad,70.0,105,5,38.0,12,1,1,100.0,-7,7,8,13,1,17.0,0,1,1,21.0,-8.0,3.0,1.0,0,57.0
549,Good,75.0,140,7,56.0,21,0,0,100.0,-7,7,8,22,1,27.0,0,1,1,20.0,63.0,3.0,2.0,1,56.0
550,Good,83.0,157,4,94.0,19,0,0,100.0,-7,7,8,19,1,32.0,22,0,0,20.0,-8.0,2.0,1.0,1,50.0
551,Bad,56.0,419,4,61.0,31,1,0,76.0,1,4,5,33,6,30.0,0,0,0,44.0,79.0,9.0,3.0,1,80.0
552,Good,73.0,123,9,68.0,41,2,2,95.0,59,6,4,43,1,56.0,0,1,1,37.0,115.0,4.0,19.0,1,77.0
553,Bad,57.0,92,29,65.0,5,2,2,67.0,27,6,4,7,0,50.0,0,1,1,28.0,-8.0,2.0,1.0,-8,75.0
554,Bad,71.0,84,0,38.0,21,0,0,96.0,28,6,6,25,3,16.0,9,0,0,35.0,84.0,4.0,3.0,2,67.0
555,Bad,70.0,261,2,29.0,30,1,1,100.0,-7,6,8,31,8,42.0,2,1,1,6.0,98.0,3.0,3.0,0,40.0
556,Bad,61.0,232,6,77.0,9,1,0,64.0,15,6,5,11,4,36.0,4,1,1,76.0,-8.0,2.0,1.0,1,60.0
557,Bad,65.0,53,4,27.0,16,0,0,100.0,-7,7,8,16,5,44.0,0,2,2,73.0,79.0,5.0,4.0,2,100.0
558,Bad,77.0,140,2,73.0,15,0,0,88.0,12,6,6,17,2,53.0,0,1,1,17.0,64.0,2.0,4.0,-8,67.0
559,Good,81.0,170,2,65.0,23,0,0,92.0,64,6,6,24,1,33.0,0,0,0,11.0,-8.0,2.0,2.0,0,33.0
560,Good,74.0,158,2,58.0,36,1,1,97.0,-8,6,6,40,5,45.0,0,0,0,0.0,92.0,1.0,3.0,-8,57.0
561,Bad,65.0,385,4,101.0,36,0,0,84.0,4,4,6,39,3,21.0,0,0,0,16.0,85.0,9.0,2.0,1,52.0
562,Bad,90.0,324,4,110.0,13,0,0,100.0,-7,7,8,13,1,54.0,0,1,1,8.0,41.0,2.0,3.0,0,83.0
563,Good,66.0,290,6,118.0,40,1,0,86.0,21,5,5,42,2,31.0,5,0,0,79.0,76.0,11.0,2.0,5,82.0
564,Good,86.0,289,18,91.0,38,0,0,100.0,-7,7,8,38,0,13.0,0,0,0,7.0,16.0,6.0,3.0,1,41.0
565,Bad,60.0,255,2,99.0,9,1,0,50.0,4,4,5,14,1,43.0,0,1,1,64.0,56.0,4.0,4.0,2,80.0
566,Bad,69.0,51,13,27.0,4,0,0,100.0,-7,7,8,4,0,75.0,0,0,0,97.0,-8.0,1.0,1.0,-8,100.0
567,Bad,74.0,219,3,90.0,42,0,0,96.0,6,4,6,49,3,33.0,1,6,5,19.0,59.0,4.0,4.0,0,75.0
568,Bad,68.0,334,3,98.0,24,0,0,100.0,-7,7,8,42,1,21.0,2,2,2,88.0,-8.0,5.0,2.0,3,88.0
569,Good,75.0,385,5,80.0,52,1,0,98.0,23,6,5,56,2,41.0,5,1,1,15.0,67.0,9.0,3.0,0,54.0
570,Bad,74.0,236,30,93.0,17,0,0,94.0,74,6,6,18,0,29.0,0,1,1,47.0,18.0,2.0,2.0,1,50.0
571,Good,84.0,283,12,95.0,13,0,0,100.0,-7,7,8,15,0,43.0,1,3,3,8.0,53.0,1.0,2.0,0,43.0
572,Bad,59.0,207,12,56.0,15,0,0,81.0,4,4,6,16,0,69.0,0,1,1,32.0,79.0,2.0,2.0,1,80.0
575,Good,81.0,209,12,78.0,21,0,0,100.0,-7,7,8,7,0,18.0,5,1,1,12.0,40.0,6.0,2.0,1,62.0
576,Bad,68.0,199,2,90.0,28,0,0,97.0,54,6,6,29,3,34.0,1,1,1,60.0,42.0,4.0,2.0,2,67.0
577,Good,88.0,206,3,81.0,31,0,0,100.0,-7,7,8,33,3,67.0,0,1,1,26.0,88.0,2.0,6.0,0,89.0
578,Bad,66.0,290,11,136.0,20,0,0,96.0,9,4,6,23,1,43.0,0,2,2,51.0,65.0,5.0,3.0,2,90.0
579,Bad,55.0,174,19,86.0,9,1,0,70.0,2,3,5,10,0,20.0,0,0,0,50.0,75.0,3.0,1.0,3,57.0
580,Bad,65.0,96,20,88.0,16,1,1,82.0,5,0,2,8,0,29.0,-7,0,0,50.0,12.0,4.0,2.0,1,64.0
581,Bad,77.0,54,12,32.0,3,0,0,100.0,-7,7,8,4,0,33.0,-7,2,1,25.0,-8.0,2.0,-8.0,0,100.0
582,Bad,56.0,255,4,101.0,27,0,0,76.0,1,4,6,29,2,45.0,0,2,2,78.0,45.0,7.0,2.0,4,75.0
583,Good,76.0,174,12,77.0,45,0,0,98.0,-7,6,7,48,0,40.0,0,6,6,19.0,83.0,2.0,3.0,1,38.0
584,Bad,66.0,139,11,80.0,7,0,0,100.0,-7,7,8,8,1,25.0,0,0,0,86.0,-8.0,2.0,1.0,2,100.0
585,Good,74.0,206,5,88.0,47,0,0,98.0,-8,6,6,49,2,22.0,23,0,0,39.0,69.0,6.0,3.0,2,45.0
586,Good,72.0,186,4,83.0,22,1,1,80.0,12,6,3,26,1,16.0,4,1,1,68.0,27.0,4.0,2.0,2,50.0
587,Bad,75.0,278,3,93.0,17,0,0,100.0,-7,7,8,17,4,47.0,2,2,2,43.0,-8.0,3.0,-8.0,1,100.0
588,Bad,50.0,118,18,75.0,3,3,3,43.0,14,6,2,7,0,29.0,0,5,5,154.0,69.0,1.0,1.0,1,100.0
590,Good,58.0,122,4,55.0,38,1,1,98.0,2,1,3,41,5,44.0,0,3,3,4.0,94.0,3.0,3.0,0,46.0
591,Good,69.0,141,4,49.0,27,0,0,100.0,-7,7,8,28,2,33.0,-7,0,0,24.0,56.0,6.0,3.0,1,64.0
592,Good,77.0,273,3,98.0,26,0,0,96.0,6,4,6,28,1,39.0,-8,0,0,11.0,-8.0,2.0,1.0,2,33.0
593,Good,77.0,130,5,66.0,22,2,0,92.0,31,6,5,32,3,29.0,-7,3,3,8.0,100.0,1.0,3.0,0,71.0
594,Good,74.0,155,9,89.0,43,0,0,100.0,-7,7,8,10,3,14.0,9,1,1,59.0,43.0,7.0,3.0,2,63.0
595,Bad,59.0,168,3,38.0,21,0,0,100.0,-7,7,8,21,12,38.0,0,1,1,85.0,90.0,10.0,5.0,4,94.0
596,Bad,59.0,174,3,62.0,44,0,0,100.0,-7,7,8,38,5,20.0,-7,3,3,71.0,-8.0,13.0,2.0,6,75.0
597,Bad,69.0,74,72,73.0,2,1,1,100.0,-7,6,8,2,0,100.0,0,0,0,-8.0,4.0,-8.0,1.0,-8,100.0
598,Bad,65.0,369,25,145.0,40,3,3,91.0,19,6,2,45,0,36.0,0,2,2,83.0,46.0,13.0,4.0,6,89.0
599,Good,86.0,340,4,71.0,27,0,0,100.0,-7,7,8,35,2,19.0,4,1,1,14.0,83.0,8.0,1.0,0,75.0
600,Bad,68.0,178,3,85.0,21,0,0,100.0,-7,7,8,22,3,43.0,2,7,7,66.0,3.0,3.0,3.0,1,100.0
601,Good,79.0,163,4,67.0,33,0,0,97.0,41,6,6,33,1,18.0,4,1,1,16.0,-8.0,3.0,1.0,0,40.0
602,Bad,76.0,129,11,52.0,10,0,0,100.0,-7,7,8,10,1,60.0,0,1,1,6.0,95.0,2.0,3.0,-8,83.0
603,Good,69.0,191,2,70.0,28,0,0,86.0,42,6,6,29,2,21.0,13,0,0,41.0,87.0,10.0,2.0,1,67.0
604,Bad,61.0,283,6,71.0,46,0,0,96.0,1,4,6,47,2,23.0,0,2,2,30.0,-8.0,4.0,1.0,2,36.0
605,Good,69.0,402,26,139.0,15,0,0,93.0,4,4,6,15,0,53.0,0,2,2,46.0,68.0,5.0,2.0,0,100.0
606,Bad,65.0,174,9,71.0,22,0,0,74.0,4,4,6,45,1,39.0,12,0,0,28.0,99.0,7.0,6.0,1,76.0
607,Good,80.0,291,6,94.0,22,0,0,100.0,-7,7,8,24,1,68.0,6,0,0,7.0,-8.0,2.0,1.0,0,75.0
608,Good,70.0,122,1,64.0,26,1,1,97.0,3,0,2,12,3,30.0,9,0,0,20.0,100.0,3.0,2.0,0,38.0
609,Bad,67.0,140,12,80.0,11,0,0,73.0,17,5,6,11,0,55.0,12,0,0,87.0,-8.0,4.0,1.0,3,100.0
610,Good,80.0,51,30,41.0,9,0,0,100.0,-7,7,8,9,0,33.0,8,0,0,18.0,-8.0,2.0,1.0,1,60.0
611,Good,77.0,464,31,138.0,16,1,1,94.0,50,6,6,16,0,31.0,-7,0,0,11.0,-8.0,3.0,2.0,0,71.0
612,Good,70.0,132,2,68.0,40,0,0,98.0,32,6,6,30,6,19.0,1,5,5,32.0,-8.0,5.0,2.0,1,41.0
613,Bad,62.0,251,19,92.0,41,1,1,98.0,10,0,6,53,0,15.0,0,3,3,83.0,-8.0,17.0,1.0,11,72.0
614,Good,43.0,137,2,46.0,5,5,3,55.0,3,3,2,11,3,55.0,0,3,3,94.0,88.0,2.0,2.0,2,80.0
615,Good,77.0,177,12,75.0,7,1,1,89.0,19,6,6,9,0,22.0,-7,2,2,1.0,-8.0,1.0,-8.0,0,25.0
616,Good,81.0,162,23,89.0,26,0,0,100.0,-7,7,8,26,0,31.0,3,1,1,11.0,58.0,1.0,2.0,0,33.0
617,Good,81.0,194,11,91.0,17,0,0,100.0,-7,7,8,17,1,41.0,3,2,2,79.0,50.0,1.0,1.0,1,100.0
618,Good,89.0,199,11,81.0,15,0,0,100.0,-7,7,8,15,2,40.0,-8,0,0,6.0,-8.0,3.0,1.0,0,57.0
619,Good,79.0,224,2,83.0,15,1,0,83.0,12,6,5,18,1,11.0,-7,0,0,0.0,-8.0,1.0,1.0,0,25.0
620,Good,86.0,-8,4,113.0,23,0,0,100.0,-7,7,8,0,2,35.0,1,3,3,29.0,85.0,4.0,3.0,0,88.0
621,Good,66.0,432,4,132.0,23,1,1,92.0,1,2,4,26,1,19.0,17,0,0,1.0,94.0,7.0,1.0,0,73.0
622,Good,88.0,374,9,75.0,23,0,0,100.0,-7,7,8,23,1,17.0,0,3,1,1.0,-8.0,3.0,1.0,0,44.0
623,Bad,58.0,71,8,36.0,9,0,0,78.0,2,4,6,9,1,67.0,0,3,3,93.0,82.0,1.0,2.0,1,100.0
624,Bad,62.0,233,7,72.0,8,1,0,78.0,47,6,5,9,2,44.0,0,0,0,95.0,85.0,3.0,2.0,3,100.0
625,Bad,80.0,263,3,79.0,30,0,0,100.0,-7,7,8,30,2,43.0,1,3,3,9.0,90.0,3.0,2.0,1,38.0
626,Good,83.0,150,9,64.0,27,0,0,100.0,-7,7,8,28,1,32.0,0,2,2,13.0,2.0,2.0,2.0,0,40.0
627,Bad,74.0,273,5,73.0,39,0,0,98.0,5,4,6,40,3,43.0,0,1,0,3.0,138.0,2.0,7.0,0,45.0
628,Bad,69.0,51,4,20.0,6,2,2,86.0,54,6,2,9,3,43.0,0,3,3,48.0,71.0,3.0,2.0,0,100.0
629,Good,91.0,240,22,118.0,8,0,0,100.0,-7,7,8,8,0,0.0,0,0,0,5.0,-8.0,3.0,-8.0,0,50.0
630,Bad,67.0,130,5,25.0,10,0,0,100.0,-7,7,8,12,4,25.0,0,0,0,95.0,90.0,6.0,2.0,2,89.0
631,Bad,66.0,133,6,77.0,23,0,0,100.0,-7,7,8,26,2,42.0,0,3,3,105.0,94.0,6.0,2.0,6,100.0
632,Good,75.0,181,14,63.0,38,0,0,100.0,-7,7,8,39,0,28.0,-7,0,0,35.0,83.0,4.0,3.0,2,50.0
633,Bad,62.0,282,13,99.0,24,4,3,70.0,18,6,3,31,0,26.0,0,0,0,29.0,-8.0,4.0,1.0,1,45.0
634,Bad,67.0,246,2,58.0,17,1,1,95.0,43,6,3,19,7,37.0,1,2,2,60.0,95.0,5.0,3.0,1,73.0
635,Bad,68.0,132,9,65.0,34,0,0,100.0,-7,7,8,36,2,38.0,6,0,0,50.0,88.0,6.0,2.0,4,62.0
636,Good,70.0,193,2,57.0,22,0,0,100.0,-7,7,8,23,2,22.0,18,0,0,53.0,80.0,6.0,4.0,1,63.0
637,Bad,79.0,97,9,44.0,26,0,0,96.0,60,6,6,26,1,12.0,5,0,0,5.0,-8.0,5.0,1.0,0,33.0
638,Good,78.0,299,3,102.0,26,0,0,90.0,14,6,6,31,1,35.0,0,0,0,7.0,38.0,2.0,2.0,0,45.0
639,Good,68.0,186,1,82.0,22,0,0,96.0,49,6,6,24,5,29.0,-7,4,4,55.0,93.0,8.0,5.0,2,81.0
640,Good,80.0,266,7,98.0,15,0,0,100.0,-7,7,8,17,1,35.0,2,1,1,46.0,-8.0,1.0,1.0,1,40.0
641,Bad,63.0,212,3,62.0,16,2,0,72.0,12,6,5,20,1,44.0,-7,2,2,66.0,89.0,3.0,5.0,2,73.0
642,Bad,78.0,41,3,16.0,3,0,0,100.0,-7,7,8,3,2,67.0,-7,16,16,0.0,-8.0,0.0,1.0,-8,50.0
643,Bad,71.0,154,1,62.0,7,0,0,90.0,1,4,6,27,2,40.0,-7,3,2,14.0,-8.0,3.0,1.0,0,80.0
644,Good,80.0,187,4,71.0,39,0,0,100.0,-7,7,8,26,1,15.0,-7,1,1,4.0,77.0,8.0,2.0,0,48.0
645,Bad,58.0,212,15,44.0,8,2,2,100.0,-7,6,8,4,0,63.0,-7,2,2,60.0,61.0,3.0,3.0,1,100.0
646,Bad,78.0,281,1,98.0,44,0,0,100.0,-7,7,8,48,4,31.0,0,1,1,24.0,19.0,7.0,1.0,2,50.0
647,Bad,65.0,265,11,64.0,16,0,0,88.0,37,6,6,17,1,24.0,0,1,1,76.0,-8.0,8.0,1.0,2,100.0
648,Bad,77.0,192,5,83.0,22,0,0,96.0,50,6,6,23,1,39.0,0,2,2,29.0,37.0,4.0,3.0,1,54.0
649,Bad,65.0,172,4,68.0,28,1,0,66.0,22,6,5,29,2,28.0,0,3,3,45.0,80.0,8.0,2.0,1,71.0
650,Bad,70.0,373,4,101.0,23,0,0,96.0,7,4,6,25,4,52.0,0,5,5,49.0,100.0,2.0,1.0,0,75.0
651,Bad,67.0,212,4,79.0,18,0,0,100.0,-7,7,8,18,5,22.0,0,3,3,81.0,30.0,7.0,1.0,5,82.0
652,Bad,61.0,203,10,57.0,3,0,0,80.0,12,6,6,5,1,0.0,-7,0,0,104.0,-8.0,3.0,-8.0,1,100.0
653,Bad,73.0,222,4,96.0,22,1,1,83.0,34,6,2,23,1,30.0,1,2,2,5.0,92.0,1.0,2.0,0,43.0
654,Good,64.0,130,1,33.0,13,0,0,100.0,-7,7,8,14,6,0.0,4,1,1,64.0,-8.0,7.0,-8.0,3,78.0
655,Bad,66.0,344,4,102.0,16,1,1,79.0,45,6,3,19,3,26.0,4,1,1,54.0,45.0,4.0,2.0,1,70.0
656,Bad,80.0,132,3,51.0,13,0,0,92.0,-8,6,6,13,1,46.0,1,4,4,2.0,77.0,1.0,3.0,0,100.0
657,Good,69.0,180,2,99.0,27,0,0,100.0,-7,7,8,19,1,20.0,2,3,3,81.0,-8.0,5.0,1.0,3,78.0
658,Good,89.0,441,75,194.0,12,0,0,100.0,-7,7,8,13,0,25.0,9,0,0,5.0,-8.0,2.0,1.0,0,43.0
659,Bad,61.0,82,2,44.0,24,0,0,100.0,-7,7,8,27,1,12.0,0,10,10,82.0,60.0,6.0,2.0,5,73.0
660,Bad,57.0,164,7,62.0,16,1,1,72.0,2,4,3,19,2,47.0,0,1,1,67.0,62.0,5.0,2.0,3,100.0
661,Good,84.0,149,13,80.0,13,0,0,100.0,-7,7,8,13,0,85.0,0,1,1,0.0,87.0,0.0,2.0,-8,67.0
662,Good,80.0,188,11,71.0,36,0,0,100.0,-7,7,8,36,2,39.0,0,7,7,15.0,-8.0,1.0,1.0,0,25.0
663,Good,88.0,168,3,89.0,20,0,0,100.0,-7,6,7,11,1,20.0,20,1,1,5.0,-8.0,3.0,-8.0,0,43.0
664,Good,75.0,209,6,98.0,33,0,0,97.0,53,6,6,33,3,33.0,-7,0,0,25.0,69.0,4.0,3.0,1,47.0
665,Bad,89.0,496,8,140.0,20,0,0,100.0,-7,7,8,22,1,0.0,0,2,1,7.0,-8.0,3.0,-8.0,0,27.0
666,Bad,66.0,67,13,66.0,33,0,0,97.0,56,6,6,7,0,39.0,-7,2,2,59.0,63.0,12.0,4.0,2,84.0
667,Bad,70.0,275,2,110.0,28,14,14,68.0,13,6,3,44,3,55.0,-7,0,0,31.0,89.0,3.0,2.0,1,50.0
668,Good,65.0,406,1,72.0,30,1,1,100.0,-7,6,8,40,5,48.0,2,2,2,47.0,65.0,6.0,5.0,0,79.0
669,Good,60.0,190,3,79.0,22,1,1,88.0,38,0,6,24,4,38.0,5,2,2,59.0,54.0,6.0,3.0,3,100.0
670,Bad,70.0,117,3,50.0,18,0,0,89.0,15,6,6,18,4,50.0,7,0,0,42.0,83.0,2.0,3.0,0,63.0
671,Bad,70.0,457,3,112.0,10,1,1,90.0,73,6,6,10,4,40.0,0,3,3,83.0,92.0,1.0,3.0,1,100.0
672,Good,64.0,345,4,111.0,34,0,0,94.0,2,4,6,34,3,18.0,9,0,0,53.0,-8.0,10.0,1.0,1,69.0
673,Good,78.0,130,7,54.0,22,0,0,100.0,-7,7,8,23,2,30.0,-7,0,0,24.0,90.0,3.0,3.0,0,67.0
675,Bad,58.0,184,7,66.0,39,9,2,85.0,22,0,5,57,3,44.0,0,3,3,95.0,78.0,5.0,4.0,3,100.0
676,Bad,58.0,285,2,75.0,30,2,2,91.0,14,6,2,34,2,12.0,0,0,0,80.0,57.0,12.0,4.0,5,59.0
677,Good,70.0,327,4,82.0,37,0,0,100.0,-7,7,8,37,4,16.0,0,3,2,31.0,88.0,7.0,3.0,3,56.0
678,Bad,73.0,105,12,14.0,3,0,0,100.0,-7,7,8,8,0,0.0,3,1,1,54.0,-8.0,2.0,-8.0,0,67.0
679,Bad,66.0,186,9,61.0,24,1,1,100.0,-7,6,8,27,1,63.0,0,0,0,79.0,85.0,6.0,6.0,3,100.0
680,Bad,69.0,404,28,168.0,12,1,1,79.0,7,1,3,15,0,29.0,8,0,0,55.0,-8.0,2.0,1.0,1,67.0
681,Good,91.0,355,18,200.0,8,0,0,100.0,-7,7,8,11,0,13.0,-8,0,0,8.0,-8.0,2.0,-8.0,0,40.0
682,Bad,62.0,150,3,66.0,40,3,0,91.0,2,3,2,45,3,20.0,0,3,3,49.0,62.0,11.0,3.0,2,50.0
683,Good,91.0,429,59,161.0,9,0,0,100.0,-7,7,8,9,0,11.0,-8,0,0,9.0,-8.0,2.0,-8.0,0,50.0
684,Good,62.0,143,5,53.0,35,1,0,92.0,1,3,5,36,5,33.0,0,2,0,3.0,18.0,3.0,2.0,0,33.0
686,Bad,72.0,72,8,39.0,18,0,0,100.0,-7,7,8,18,2,28.0,0,2,2,73.0,-8.0,3.0,1.0,0,100.0
688,Bad,89.0,182,47,100.0,8,0,0,100.0,-7,7,8,8,0,38.0,-7,2,2,4.0,-8.0,2.0,1.0,0,60.0
689,Bad,68.0,216,4,91.0,23,1,1,88.0,52,6,2,26,6,54.0,-7,2,2,42.0,90.0,6.0,2.0,1,80.0
691,Good,84.0,-8,7,91.0,17,0,0,100.0,-7,7,8,0,3,35.0,3,1,1,11.0,48.0,4.0,2.0,0,55.0
692,Bad,85.0,328,39,132.0,7,0,0,100.0,-7,7,8,7,0,43.0,1,1,1,0.0,-8.0,1.0,1.0,-8,50.0
693,Bad,74.0,319,5,68.0,22,0,0,100.0,-7,7,8,30,2,23.0,-7,3,3,39.0,90.0,3.0,2.0,1,75.0
694,Good,59.0,247,4,92.0,31,4,3,97.0,44,6,5,33,3,21.0,2,4,3,53.0,-8.0,5.0,1.0,3,47.0
695,Good,89.0,485,66,196.0,6,0,0,100.0,-7,7,8,6,0,17.0,-8,0,0,6.0,-8.0,1.0,-8.0,0,33.0
696,Good,89.0,154,8,78.0,6,0,0,100.0,-7,7,8,6,1,17.0,0,0,0,9.0,-8.0,1.0,1.0,0,50.0
697,Bad,64.0,194,8,76.0,24,1,1,88.0,9,4,2,26,2,48.0,-7,0,0,69.0,77.0,7.0,6.0,6,76.0
698,Bad,75.0,212,23,105.0,11,0,0,82.0,21,6,6,11,0,45.0,-7,1,1,13.0,-8.0,1.0,1.0,0,100.0
699,Bad,76.0,192,1,67.0,36,0,0,100.0,-7,7,8,37,4,35.0,5,2,1,5.0,-8.0,4.0,2.0,1,60.0
700,Good,66.0,-8,17,114.0,15,4,3,68.0,8,3,2,0,0,42.0,-7,0,0,8.0,75.0,3.0,2.0,0,83.0
701,Bad,81.0,160,6,67.0,33,0,0,100.0,-7,7,8,33,2,21.0,0,0,0,15.0,91.0,2.0,3.0,0,43.0
702,Bad,82.0,317,28,133.0,15,0,0,100.0,-7,6,8,15,0,47.0,0,1,1,19.0,5.0,1.0,2.0,0,50.0
703,Good,66.0,174,1,75.0,38,0,0,100.0,-7,7,8,40,5,40.0,-7,6,6,77.0,60.0,4.0,8.0,3,75.0
704,Good,82.0,270,30,89.0,12,0,0,100.0,-7,7,8,12,0,42.0,0,0,0,44.0,6.0,3.0,2.0,0,71.0
705,Bad,68.0,132,4,49.0,16,1,1,94.0,19,6,6,16,1,50.0,0,3,3,50.0,76.0,5.0,2.0,0,88.0
706,Bad,67.0,189,13,111.0,8,4,4,70.0,68,6,3,10,0,50.0,0,1,1,97.0,-8.0,1.0,1.0,1,100.0
707,Bad,64.0,-8,6,65.0,31,1,1,88.0,3,2,4,0,2,44.0,6,1,0,28.0,87.0,6.0,5.0,1,65.0
708,Bad,65.0,150,1,50.0,23,0,0,92.0,3,4,6,26,2,46.0,10,0,0,33.0,100.0,2.0,3.0,1,50.0
709,Good,91.0,181,17,60.0,8,0,0,100.0,-7,7,8,9,0,38.0,0,1,1,0.0,-8.0,2.0,1.0,0,60.0
710,Bad,74.0,197,1,93.0,31,1,0,86.0,29,6,5,35,3,26.0,0,2,2,28.0,27.0,2.0,4.0,0,40.0
711,Bad,73.0,169,6,105.0,20,0,0,95.0,21,6,6,21,1,14.0,0,0,0,39.0,21.0,2.0,2.0,0,57.0
712,Bad,60.0,199,28,93.0,11,4,2,73.0,6,4,2,15,0,53.0,0,0,0,34.0,61.0,1.0,3.0,0,50.0
713,Bad,76.0,66,2,31.0,5,0,0,100.0,-7,7,8,7,3,0.0,0,1,1,47.0,-8.0,3.0,-8.0,2,100.0
714,Bad,81.0,176,5,78.0,37,0,0,100.0,-7,7,8,36,4,37.0,-7,2,2,0.0,80.0,2.0,3.0,0,42.0
715,Good,84.0,294,5,119.0,44,0,0,100.0,-7,7,8,47,3,68.0,0,2,2,4.0,67.0,5.0,8.0,2,76.0
716,Good,82.0,231,13,158.0,15,0,0,100.0,-7,7,8,17,0,24.0,-7,1,1,31.0,-8.0,4.0,1.0,1,56.0
717,Bad,78.0,283,3,124.0,33,0,0,100.0,-7,7,8,37,1,19.0,3,1,1,77.0,-8.0,18.0,3.0,16,92.0
718,Bad,75.0,197,2,95.0,20,0,0,95.0,62,6,6,21,2,24.0,-7,2,2,48.0,99.0,4.0,3.0,1,78.0
719,Good,89.0,256,3,100.0,19,0,0,100.0,-7,7,8,27,2,47.0,-7,1,1,0.0,73.0,0.0,4.0,0,57.0
720,Good,85.0,128,2,62.0,17,0,0,100.0,-7,7,8,19,3,61.0,-7,5,5,2.0,93.0,1.0,2.0,0,75.0
721,Good,61.0,46,1,18.0,20,0,0,100.0,-7,7,8,21,5,14.0,2,2,2,51.0,60.0,13.0,2.0,2,84.0
722,Bad,63.0,118,1,63.0,65,0,0,100.0,-7,7,8,3,3,75.0,7,0,0,59.0,95.0,10.0,2.0,3,86.0
723,Good,73.0,185,3,65.0,27,0,0,100.0,-7,7,8,27,4,48.0,0,5,5,46.0,26.0,5.0,4.0,1,69.0
724,Good,69.0,209,7,77.0,20,0,0,100.0,-7,7,8,21,2,20.0,1,2,2,56.0,-8.0,3.0,1.0,1,57.0
725,Good,75.0,364,12,123.0,43,0,0,98.0,24,6,6,43,0,26.0,2,1,1,1.0,31.0,7.0,2.0,1,45.0
726,Bad,82.0,273,30,141.0,15,1,0,94.0,36,6,5,17,0,29.0,0,1,0,6.0,-8.0,2.0,1.0,0,57.0
727,Good,81.0,165,12,95.0,17,0,0,100.0,-7,7,8,18,0,50.0,0,0,0,21.0,29.0,2.0,2.0,1,80.0
728,Good,74.0,65,2,34.0,6,0,0,100.0,-7,7,8,9,2,11.0,0,3,3,56.0,100.0,2.0,1.0,1,75.0
729,Good,93.0,343,18,162.0,15,0,0,100.0,-7,7,8,14,0,13.0,-8,0,0,1.0,-8.0,2.0,2.0,0,33.0
730,Bad,63.0,103,4,32.0,13,1,1,100.0,-7,7,8,14,4,85.0,0,1,1,68.0,93.0,2.0,3.0,-8,100.0
731,Good,76.0,266,5,98.0,27,0,0,97.0,10,4,6,31,2,42.0,0,0,0,8.0,81.0,5.0,4.0,1,56.0
732,Bad,75.0,160,4,57.0,30,0,0,100.0,-7,7,8,31,5,55.0,0,2,2,7.0,85.0,3.0,9.0,0,86.0
733,Bad,83.0,464,12,153.0,16,0,0,94.0,19,6,6,16,0,19.0,0,1,1,18.0,27.0,2.0,1.0,0,75.0
734,Good,85.0,277,15,91.0,8,0,0,100.0,-7,7,8,8,0,25.0,22,0,0,36.0,-8.0,5.0,-8.0,0,100.0
735,Good,82.0,194,4,102.0,26,0,0,100.0,-7,7,8,15,2,35.0,-8,2,0,12.0,51.0,3.0,3.0,0,67.0
736,Bad,61.0,187,6,54.0,26,0,0,88.0,47,6,6,26,1,42.0,0,1,1,66.0,76.0,3.0,3.0,2,75.0
738,Good,77.0,297,7,131.0,29,0,0,97.0,5,4,6,23,3,55.0,10,0,0,8.0,68.0,5.0,3.0,0,90.0
739,Good,70.0,210,9,65.0,10,2,2,90.0,17,6,6,10,1,40.0,-8,0,0,40.0,48.0,3.0,3.0,1,86.0
740,Good,63.0,264,5,41.0,16,1,1,94.0,3,0,2,16,3,47.0,-7,0,0,27.0,74.0,4.0,3.0,0,73.0
742,Bad,73.0,311,7,77.0,13,0,0,100.0,-7,7,8,13,2,46.0,0,0,0,69.0,93.0,5.0,2.0,2,88.0
743,Bad,65.0,248,2,77.0,28,3,1,84.0,30,5,3,33,3,53.0,-7,0,0,31.0,34.0,8.0,4.0,1,80.0
744,Bad,58.0,118,5,48.0,23,3,2,73.0,15,6,5,28,7,77.0,0,1,1,2.0,100.0,1.0,3.0,-8,80.0
745,Good,67.0,255,1,104.0,41,6,6,88.0,12,6,6,48,1,21.0,0,1,1,30.0,59.0,3.0,4.0,1,39.0
746,Good,78.0,188,25,69.0,17,0,0,83.0,22,6,6,18,0,44.0,0,0,0,6.0,43.0,1.0,4.0,0,71.0
747,Good,68.0,295,3,107.0,20,0,0,90.0,2,4,6,21,1,24.0,0,1,1,32.0,-8.0,4.0,1.0,2,56.0
748,Bad,69.0,84,4,97.0,12,0,0,71.0,28,6,6,3,2,21.0,-7,1,1,54.0,-8.0,3.0,1.0,2,56.0
749,Bad,66.0,174,6,72.0,29,3,2,87.0,16,6,4,32,2,19.0,0,1,0,37.0,87.0,9.0,2.0,4,65.0
750,Good,80.0,372,13,71.0,9,0,0,100.0,-7,7,8,14,0,33.0,0,4,4,35.0,-8.0,1.0,1.0,1,29.0
751,Good,80.0,101,3,55.0,23,0,0,100.0,-7,7,8,23,1,17.0,0,1,1,1.0,-8.0,6.0,2.0,1,67.0
752,Good,82.0,234,4,90.0,36,0,0,97.0,28,6,6,17,4,29.0,7,0,0,14.0,62.0,4.0,1.0,1,50.0
754,Good,52.0,266,2,103.0,18,5,5,76.0,2,4,4,23,4,33.0,7,0,0,52.0,46.0,5.0,3.0,1,82.0
755,Good,75.0,162,8,77.0,40,0,0,100.0,-7,7,8,42,1,20.0,7,0,0,27.0,-8.0,5.0,2.0,1,64.0
756,Good,80.0,138,4,61.0,18,0,0,94.0,39,6,6,18,2,11.0,17,1,0,0.0,-8.0,2.0,-8.0,1,29.0
757,Good,70.0,156,5,58.0,3,0,0,100.0,-7,7,8,3,1,33.0,1,2,2,95.0,88.0,1.0,1.0,-8,100.0
758,Good,73.0,337,4,110.0,6,2,0,67.0,26,6,5,9,2,67.0,0,1,1,-8.0,82.0,-8.0,3.0,-8,100.0
759,Good,77.0,148,27,96.0,13,0,0,100.0,-7,7,8,14,0,50.0,0,2,2,75.0,-8.0,1.0,1.0,0,100.0
760,Bad,78.0,191,16,100.0,10,2,2,91.0,55,6,2,11,0,45.0,0,0,0,5.0,-8.0,2.0,1.0,0,75.0
761,Good,67.0,419,1,73.0,37,0,0,92.0,13,6,6,44,6,33.0,3,1,1,12.0,91.0,8.0,3.0,0,69.0
762,Bad,85.0,269,18,145.0,20,0,0,100.0,-7,7,8,20,0,25.0,10,0,0,20.0,-8.0,5.0,1.0,0,64.0
763,Bad,64.0,296,5,71.0,28,0,0,73.0,4,4,6,30,1,23.0,0,1,1,44.0,76.0,5.0,3.0,1,73.0
764,Good,72.0,230,21,113.0,17,0,0,100.0,-7,7,8,17,0,41.0,10,0,0,75.0,-8.0,7.0,1.0,2,89.0
766,Bad,80.0,99,9,52.0,12,0,0,100.0,-7,7,8,12,2,8.0,1,1,1,10.0,-8.0,1.0,-8.0,0,14.0
768,Bad,56.0,105,5,43.0,16,0,0,94.0,5,4,6,16,1,69.0,2,2,2,101.0,84.0,2.0,4.0,1,86.0
769,Good,82.0,213,3,79.0,9,0,0,100.0,-7,7,8,9,1,22.0,0,2,2,42.0,54.0,2.0,2.0,1,50.0
770,Good,80.0,202,12,85.0,25,0,0,100.0,-7,7,8,43,0,32.0,0,2,2,3.0,6.0,2.0,4.0,0,86.0
771,Bad,62.0,116,9,70.0,15,6,4,65.0,23,6,2,20,1,25.0,-7,4,4,8.0,60.0,2.0,2.0,0,67.0
772,Good,65.0,102,69,86.0,6,3,3,33.0,3,0,2,9,0,0.0,13,0,0,8.0,-8.0,1.0,-8.0,0,33.0
773,Bad,60.0,141,50,94.0,13,2,2,73.0,4,4,6,15,0,27.0,0,0,0,61.0,-8.0,2.0,1.0,0,100.0
774,Bad,72.0,294,5,75.0,20,0,0,95.0,46,6,6,21,3,62.0,7,0,0,57.0,50.0,6.0,4.0,2,91.0
775,Good,72.0,317,3,62.0,34,0,0,94.0,16,6,6,35,4,6.0,0,1,1,18.0,-8.0,4.0,1.0,1,42.0
776,Bad,82.0,153,9,54.0,18,0,0,100.0,-7,7,8,18,1,44.0,14,0,0,9.0,-8.0,2.0,1.0,0,38.0
777,Good,87.0,117,6,67.0,11,0,0,100.0,-7,7,8,12,1,8.0,1,4,4,3.0,-8.0,3.0,1.0,0,67.0
778,Good,79.0,125,9,57.0,29,0,0,100.0,-7,7,8,33,1,45.0,-7,1,1,1.0,71.0,1.0,4.0,0,45.0
779,Bad,81.0,98,3,40.0,22,0,0,100.0,-7,7,8,23,6,17.0,1,4,3,0.0,81.0,0.0,1.0,0,11.0
780,Good,86.0,126,3,51.0,36,0,0,100.0,-7,7,8,27,2,6.0,13,0,0,1.0,-8.0,4.0,-8.0,0,24.0
781,Good,74.0,157,9,43.0,19,0,0,100.0,-7,5,7,2,2,25.0,-7,0,0,36.0,62.0,5.0,3.0,0,67.0
782,Good,90.0,177,23,112.0,10,0,0,100.0,-7,7,8,10,0,20.0,-8,0,0,0.0,-8.0,2.0,-8.0,0,67.0
783,Bad,83.0,306,27,113.0,17,0,0,100.0,-7,7,8,17,0,65.0,-8,0,0,43.0,33.0,3.0,2.0,0,83.0
784,Good,81.0,303,17,103.0,6,0,0,86.0,25,6,6,7,0,14.0,0,0,0,26.0,-8.0,1.0,1.0,0,40.0
785,Bad,69.0,215,15,89.0,24,0,0,96.0,4,4,6,24,0,33.0,0,3,3,42.0,-8.0,2.0,1.0,1,38.0
786,Good,82.0,300,32,117.0,22,0,0,100.0,-7,7,8,23,0,22.0,0,1,1,41.0,43.0,3.0,2.0,1,63.0
787,Good,82.0,156,21,84.0,12,0,0,100.0,-7,7,8,12,0,42.0,0,0,0,73.0,68.0,3.0,2.0,0,100.0
788,Bad,62.0,120,34,74.0,4,0,0,40.0,4,4,6,5,0,0.0,0,2,1,59.0,-8.0,1.0,-8.0,-8,25.0
789,Good,64.0,46,3,31.0,4,5,5,100.0,-7,0,8,5,1,20.0,2,1,1,2.0,-8.0,1.0,1.0,0,67.0
790,Bad,58.0,183,32,95.0,8,8,8,67.0,3,0,2,5,0,0.0,-8,0,0,0.0,-8.0,0.0,-8.0,0,25.0
791,Good,87.0,151,5,82.0,29,0,0,100.0,-7,6,7,33,3,73.0,10,0,0,9.0,60.0,1.0,6.0,0,70.0
792,Bad,61.0,112,3,32.0,29,0,0,100.0,-7,5,8,31,7,77.0,0,5,5,88.0,82.0,7.0,4.0,3,100.0
793,Good,89.0,151,20,87.0,14,0,0,100.0,-7,7,8,14,0,50.0,-8,0,0,9.0,-8.0,1.0,2.0,0,60.0
794,Good,82.0,488,5,116.0,43,0,0,100.0,-7,7,8,42,3,18.0,-7,0,0,3.0,-8.0,5.0,-8.0,1,23.0
795,Bad,81.0,166,4,60.0,20,0,0,100.0,-7,7,8,21,1,20.0,5,1,1,0.0,3.0,1.0,3.0,0,25.0
796,Bad,56.0,311,10,99.0,31,10,10,86.0,4,4,6,36,2,46.0,0,2,2,44.0,75.0,4.0,2.0,1,64.0
797,Bad,71.0,383,8,76.0,19,2,2,86.0,11,4,4,24,1,29.0,2,1,1,26.0,79.0,4.0,2.0,1,67.0
798,Good,64.0,150,8,48.0,23,0,0,96.0,23,6,6,23,2,61.0,0,2,2,65.0,96.0,2.0,6.0,1,73.0
799,Bad,79.0,334,2,76.0,21,0,0,100.0,-7,7,8,22,4,27.0,0,3,3,35.0,88.0,6.0,2.0,1,73.0
800,Bad,82.0,257,4,86.0,19,0,0,100.0,-7,7,8,19,1,5.0,0,2,2,20.0,92.0,3.0,1.0,0,56.0
801,Bad,64.0,145,2,54.0,28,0,0,100.0,-7,7,8,29,5,66.0,-7,4,3,74.0,59.0,5.0,4.0,2,82.0
802,Bad,67.0,265,4,97.0,11,5,5,77.0,13,6,2,13,2,54.0,0,4,3,10.0,-8.0,1.0,1.0,-8,67.0
803,Good,70.0,297,2,140.0,16,0,0,100.0,-7,7,8,12,1,24.0,16,0,0,71.0,48.0,8.0,2.0,3,100.0
804,Bad,70.0,185,11,75.0,36,0,0,97.0,72,6,6,37,1,41.0,1,3,3,67.0,60.0,12.0,5.0,5,85.0
805,Bad,57.0,27,1,11.0,5,1,1,100.0,-7,6,8,6,3,33.0,1,21,21,16.0,-8.0,1.0,2.0,1,60.0
806,Good,64.0,329,11,102.0,36,2,2,100.0,-7,6,8,38,3,34.0,0,3,3,3.0,-8.0,2.0,2.0,0,33.0
807,Bad,72.0,354,4,105.0,22,0,0,100.0,-7,7,8,24,5,29.0,0,0,0,89.0,77.0,7.0,3.0,5,92.0
808,Good,70.0,300,2,68.0,33,0,0,94.0,13,6,6,34,1,26.0,0,2,1,4.0,69.0,5.0,5.0,4,69.0
809,Bad,64.0,164,8,71.0,25,1,0,92.0,7,4,6,26,3,38.0,0,3,3,58.0,84.0,3.0,3.0,0,67.0
810,Bad,75.0,152,1,66.0,21,0,0,100.0,-7,7,8,22,3,36.0,0,1,1,32.0,96.0,5.0,3.0,2,62.0
811,Good,84.0,159,13,80.0,22,0,0,100.0,-7,7,8,22,0,18.0,0,2,2,1.0,-8.0,2.0,1.0,1,30.0
812,Good,60.0,314,12,90.0,27,3,1,76.0,2,2,4,34,0,44.0,0,0,0,2.0,87.0,3.0,2.0,0,50.0
813,Good,88.0,164,3,87.0,19,0,0,100.0,-7,7,8,19,1,21.0,0,0,0,3.0,-8.0,3.0,1.0,0,80.0
815,Good,77.0,168,14,72.0,21,0,0,100.0,-7,7,8,21,0,29.0,2,1,1,29.0,76.0,2.0,1.0,1,50.0
817,Good,84.0,217,5,90.0,17,1,0,95.0,53,6,5,19,1,47.0,-8,0,0,3.0,-8.0,3.0,2.0,0,71.0
818,Bad,55.0,118,8,72.0,24,6,1,63.0,2,4,3,30,1,10.0,0,0,0,36.0,28.0,4.0,3.0,2,54.0
819,Bad,76.0,104,8,64.0,11,1,1,92.0,79,6,2,12,1,42.0,0,0,0,12.0,-8.0,1.0,1.0,0,60.0
820,Good,82.0,434,4,161.0,27,0,0,100.0,-7,7,8,29,2,26.0,1,2,2,2.0,-8.0,4.0,1.0,0,31.0
821,Bad,61.0,35,2,15.0,15,0,0,100.0,-7,7,8,17,8,71.0,2,1,1,0.0,81.0,0.0,7.0,-8,75.0
822,Good,66.0,233,2,69.0,28,0,0,93.0,64,6,6,29,2,48.0,9,0,0,58.0,64.0,7.0,3.0,2,71.0
823,Bad,73.0,175,51,115.0,6,1,0,50.0,27,6,5,8,0,50.0,1,4,4,13.0,-8.0,1.0,1.0,-8,100.0
824,Good,83.0,61,15,28.0,13,0,0,100.0,-7,7,8,13,0,54.0,17,0,0,3.0,74.0,2.0,3.0,0,63.0
825,Bad,68.0,222,6,103.0,16,1,0,84.0,20,5,5,19,2,32.0,0,0,0,59.0,-8.0,5.0,-8.0,3,63.0
826,Bad,64.0,112,3,37.0,15,0,0,93.0,20,6,6,15,4,33.0,0,1,1,38.0,93.0,2.0,3.0,1,45.0
827,Good,75.0,144,7,56.0,26,0,0,100.0,-7,7,8,27,2,42.0,1,1,1,32.0,62.0,3.0,4.0,1,67.0
828,Bad,86.0,274,39,106.0,8,0,0,100.0,-7,7,8,8,0,50.0,-8,0,0,0.0,12.0,1.0,1.0,0,67.0
829,Good,64.0,145,12,81.0,28,0,0,97.0,3,4,6,30,0,61.0,10,0,0,60.0,75.0,2.0,4.0,1,75.0
830,Good,54.0,50,2,21.0,11,0,0,92.0,3,4,6,12,7,42.0,-7,1,1,69.0,82.0,4.0,2.0,2,100.0
831,Good,80.0,121,7,58.0,11,0,0,91.0,56,6,6,11,1,0.0,0,1,1,15.0,-8.0,4.0,-8.0,1,80.0
832,Good,80.0,268,3,96.0,41,0,0,98.0,46,6,6,41,1,41.0,2,5,5,7.0,83.0,2.0,5.0,0,58.0
833,Bad,54.0,-8,32,61.0,9,1,1,78.0,1,0,6,9,0,56.0,-7,1,1,77.0,59.0,3.0,1.0,2,100.0
834,Bad,55.0,176,14,68.0,17,1,1,89.0,2,4,6,20,0,42.0,0,3,3,84.0,44.0,6.0,2.0,4,80.0
835,Bad,73.0,193,14,90.0,11,1,1,100.0,-7,0,8,11,0,27.0,-7,0,0,1.0,-8.0,2.0,1.0,0,75.0
836,Good,76.0,219,2,66.0,22,0,0,100.0,-7,7,8,24,2,25.0,0,0,0,24.0,92.0,3.0,3.0,1,35.0
837,Bad,56.0,81,2,33.0,22,0,0,79.0,0,4,6,24,7,46.0,0,0,0,76.0,-8.0,3.0,3.0,1,100.0
838,Good,83.0,54,8,24.0,5,0,0,100.0,-7,7,8,6,2,50.0,-7,0,0,5.0,39.0,1.0,2.0,0,100.0
839,Bad,63.0,208,3,42.0,8,0,0,100.0,-7,7,8,8,3,88.0,0,3,2,165.0,92.0,1.0,4.0,-8,100.0
840,Bad,64.0,237,13,88.0,7,3,3,70.0,18,6,3,10,0,70.0,-7,0,0,34.0,88.0,1.0,1.0,0,67.0
841,Good,74.0,211,8,74.0,40,1,1,95.0,47,6,3,45,9,60.0,8,0,0,15.0,109.0,1.0,9.0,0,83.0
842,Good,81.0,-8,4,106.0,17,0,0,94.0,79,6,6,18,1,28.0,-7,4,4,2.0,-8.0,3.0,2.0,0,50.0
844,Good,77.0,126,8,61.0,25,0,0,92.0,42,6,6,25,4,12.0,7,0,0,9.0,100.0,7.0,2.0,0,63.0
845,Bad,73.0,254,5,97.0,22,1,0,96.0,45,6,5,23,2,39.0,0,2,2,54.0,32.0,4.0,3.0,2,78.0
846,Good,87.0,137,4,79.0,28,0,0,100.0,-7,7,8,32,1,56.0,0,2,2,11.0,14.0,1.0,3.0,0,57.0
847,Bad,81.0,159,3,48.0,22,0,0,100.0,-7,7,8,22,4,32.0,0,2,1,26.0,85.0,5.0,3.0,2,69.0
848,Good,75.0,301,32,166.0,9,2,1,62.0,20,6,4,13,0,46.0,0,2,2,0.0,-8.0,0.0,-8.0,0,0.0
849,Bad,80.0,290,5,82.0,14,0,0,87.0,17,5,6,15,2,60.0,0,0,0,16.0,44.0,3.0,4.0,0,78.0
850,Good,75.0,171,2,68.0,20,0,0,100.0,-7,7,8,21,1,33.0,0,1,1,21.0,69.0,3.0,2.0,1,71.0
851,Good,85.0,197,4,81.0,26,0,0,100.0,-7,7,8,26,3,19.0,-7,3,3,4.0,6.0,2.0,2.0,0,29.0
852,Bad,77.0,88,5,40.0,12,0,0,92.0,15,6,6,12,4,42.0,-7,0,0,0.0,76.0,2.0,3.0,0,56.0
853,Bad,54.0,140,18,61.0,7,6,5,50.0,5,4,5,13,0,63.0,0,0,0,96.0,73.0,3.0,2.0,1,100.0
854,Good,90.0,234,6,128.0,32,0,0,100.0,-7,7,8,32,2,38.0,-7,0,0,1.0,78.0,2.0,2.0,0,57.0
855,Bad,71.0,218,22,75.0,22,1,0,96.0,27,6,5,24,0,39.0,1,2,2,3.0,23.0,4.0,1.0,1,56.0
856,Bad,71.0,114,12,66.0,39,0,0,96.0,1,4,6,46,0,41.0,0,0,0,17.0,81.0,6.0,7.0,1,50.0
857,Bad,58.0,120,3,69.0,11,1,1,91.0,-8,6,6,29,2,45.0,-7,6,6,92.0,86.0,5.0,3.0,1,100.0
858,Good,68.0,130,7,64.0,31,3,3,82.0,16,6,2,34,3,21.0,0,4,3,14.0,2.0,5.0,3.0,0,44.0
859,Good,76.0,400,3,97.0,17,1,1,94.0,35,6,6,17,2,18.0,2,1,1,2.0,96.0,4.0,2.0,0,75.0
860,Bad,65.0,330,13,97.0,37,1,0,86.0,12,6,5,43,0,53.0,0,0,0,61.0,60.0,9.0,2.0,3,79.0
861,Bad,71.0,117,4,37.0,13,0,0,100.0,-7,7,8,13,3,100.0,2,1,1,-8.0,72.0,-8.0,5.0,-8,100.0
862,Good,73.0,123,4,65.0,24,0,0,100.0,-7,7,8,24,1,38.0,0,1,1,68.0,80.0,3.0,7.0,1,71.0
863,Good,76.0,107,2,54.0,10,0,0,82.0,11,4,6,11,1,27.0,0,3,3,12.0,3.0,3.0,2.0,0,71.0
864,Good,58.0,214,20,122.0,6,3,2,54.0,2,3,3,13,0,62.0,-7,0,0,11.0,60.0,3.0,2.0,0,83.0
865,Bad,74.0,167,4,63.0,17,0,0,94.0,31,6,6,17,2,41.0,0,2,2,38.0,91.0,4.0,3.0,2,78.0
866,Good,84.0,245,10,113.0,16,0,0,94.0,17,6,6,17,1,12.0,-7,0,0,6.0,-8.0,2.0,-8.0,0,40.0
867,Bad,87.0,213,5,90.0,15,0,0,100.0,-7,7,8,15,2,27.0,0,1,1,3.0,-8.0,4.0,1.0,0,56.0
868,Good,78.0,188,3,72.0,20,1,1,96.0,45,6,3,24,7,43.0,0,2,2,1.0,91.0,1.0,5.0,0,43.0
869,Bad,66.0,143,4,75.0,10,1,1,100.0,-7,6,8,10,1,30.0,-7,2,2,95.0,-8.0,2.0,-8.0,1,100.0
870,Bad,63.0,45,5,28.0,16,0,0,100.0,-7,7,8,16,2,19.0,0,10,10,47.0,-8.0,6.0,-8.0,2,75.0
871,Good,62.0,152,10,79.0,18,5,1,72.0,20,6,4,25,1,28.0,0,1,1,81.0,80.0,5.0,2.0,3,78.0
872,Bad,69.0,72,3,48.0,14,1,0,87.0,20,6,5,15,2,7.0,-7,1,1,29.0,-8.0,5.0,1.0,0,58.0
873,Good,64.0,111,5,50.0,14,2,2,81.0,39,6,2,16,1,31.0,1,7,7,43.0,69.0,4.0,2.0,0,100.0
874,Good,83.0,127,4,60.0,18,0,0,100.0,-7,7,8,18,5,44.0,3,1,1,8.0,81.0,1.0,3.0,-8,83.0
875,Bad,69.0,111,8,58.0,18,0,0,100.0,-7,7,8,22,3,36.0,8,0,0,86.0,-8.0,5.0,1.0,3,100.0
876,Bad,57.0,148,3,55.0,43,0,0,86.0,4,4,6,43,5,47.0,7,0,0,48.0,84.0,9.0,4.0,0,81.0
877,Bad,73.0,131,4,63.0,19,1,0,85.0,20,6,5,26,2,62.0,-7,1,1,25.0,17.0,1.0,4.0,-8,100.0
879,Bad,76.0,94,2,49.0,25,0,0,100.0,-7,7,8,30,5,33.0,-7,4,4,20.0,81.0,2.0,4.0,0,40.0
880,Good,86.0,188,19,92.0,25,0,0,100.0,-7,7,8,15,0,19.0,0,1,1,0.0,58.0,1.0,3.0,1,38.0
881,Bad,76.0,257,18,100.0,4,0,0,100.0,-7,7,8,4,0,25.0,0,0,0,80.0,-8.0,3.0,1.0,1,100.0
882,Good,85.0,309,3,93.0,44,0,0,100.0,-7,7,8,47,2,38.0,3,5,5,10.0,4.0,5.0,3.0,0,57.0
883,Bad,61.0,61,4,25.0,23,0,0,96.0,10,4,6,23,5,52.0,3,3,3,30.0,87.0,6.0,6.0,0,100.0
884,Good,79.0,243,5,84.0,29,1,1,81.0,6,4,4,39,1,35.0,0,1,1,0.0,-8.0,3.0,2.0,1,50.0
885,Bad,73.0,71,7,41.0,18,0,0,100.0,-7,7,8,18,2,56.0,-7,1,0,38.0,86.0,3.0,3.0,1,75.0
886,Good,65.0,56,3,21.0,7,0,0,86.0,38,6,6,7,3,43.0,0,3,3,23.0,98.0,3.0,1.0,1,80.0
887,Good,73.0,422,2,62.0,42,0,0,98.0,11,4,6,43,8,23.0,0,4,4,12.0,-8.0,4.0,2.0,0,44.0
888,Bad,58.0,150,16,72.0,18,2,0,55.0,4,4,5,22,0,45.0,0,1,1,79.0,38.0,7.0,3.0,0,91.0
889,Bad,74.0,-8,2,59.0,24,0,0,82.0,30,6,6,28,7,29.0,-7,3,3,12.0,91.0,3.0,1.0,0,40.0
890,Good,72.0,151,7,60.0,30,1,0,97.0,36,6,5,34,4,27.0,6,0,0,16.0,78.0,3.0,6.0,1,45.0
891,Bad,70.0,197,16,97.0,30,0,0,91.0,19,6,6,32,0,22.0,-7,4,4,44.0,-8.0,8.0,1.0,4,63.0
892,Good,75.0,243,19,119.0,58,0,0,100.0,-7,6,7,50,0,39.0,0,4,4,73.0,-8.0,10.0,2.0,6,70.0
894,Bad,57.0,138,18,66.0,11,2,1,71.0,23,6,3,14,0,36.0,0,0,0,41.0,-8.0,4.0,1.0,0,71.0
895,Bad,81.0,216,0,84.0,25,0,0,100.0,-7,7,8,35,1,35.0,1,1,1,0.0,-8.0,1.0,4.0,0,38.0
896,Bad,60.0,73,8,74.0,10,0,0,50.0,7,4,6,10,1,30.0,8,0,0,36.0,-8.0,2.0,-8.0,1,29.0
897,Bad,54.0,235,7,79.0,25,1,0,79.0,2,3,5,29,2,14.0,6,0,0,48.0,62.0,5.0,3.0,3,67.0
898,Bad,67.0,257,17,111.0,16,1,0,68.0,5,3,5,19,0,37.0,-7,1,0,17.0,56.0,4.0,2.0,0,60.0
899,Bad,73.0,163,13,85.0,27,0,0,97.0,52,6,6,29,0,41.0,-8,0,0,34.0,39.0,4.0,2.0,2,60.0
900,Good,88.0,530,5,182.0,17,0,0,100.0,-7,7,8,17,2,24.0,0,0,0,3.0,81.0,5.0,2.0,0,64.0
901,Bad,72.0,255,13,60.0,31,0,0,100.0,-7,7,8,32,0,22.0,13,0,0,85.0,14.0,9.0,2.0,9,79.0
902,Bad,65.0,184,3,35.0,8,0,0,100.0,-7,7,8,8,3,75.0,-7,1,1,103.0,89.0,1.0,4.0,1,100.0
905,Bad,63.0,112,5,42.0,3,1,1,100.0,-7,6,8,3,2,100.0,0,2,2,-8.0,81.0,-8.0,2.0,-8,100.0
906,Bad,78.0,181,16,48.0,16,0,0,94.0,52,6,6,8,0,13.0,0,1,1,13.0,-8.0,3.0,1.0,0,40.0
907,Good,78.0,111,1,58.0,19,0,0,100.0,-7,7,8,22,3,32.0,0,3,3,11.0,29.0,4.0,2.0,1,75.0
908,Good,81.0,243,1,89.0,41,0,0,100.0,-7,7,8,44,9,27.0,0,7,6,1.0,39.0,7.0,4.0,0,50.0
909,Good,72.0,285,1,76.0,52,0,0,96.0,19,6,6,53,7,13.0,0,3,3,13.0,58.0,4.0,3.0,1,25.0
910,Bad,66.0,313,10,146.0,11,16,16,82.0,62,0,6,12,1,45.0,0,3,3,6.0,95.0,1.0,1.0,0,67.0
911,Bad,66.0,202,9,82.0,23,2,2,96.0,0,4,6,26,1,17.0,0,0,0,33.0,70.0,7.0,3.0,0,63.0
912,Bad,51.0,162,35,73.0,4,1,1,50.0,1,2,4,6,0,33.0,0,0,0,43.0,11.0,1.0,1.0,0,50.0
913,Good,78.0,311,4,134.0,17,1,1,89.0,77,6,2,20,1,11.0,-7,1,1,1.0,-8.0,3.0,-8.0,0,56.0
914,Good,78.0,150,6,63.0,37,0,0,100.0,-7,7,8,40,1,18.0,0,0,0,3.0,63.0,2.0,2.0,0,50.0
915,Good,72.0,172,2,76.0,23,1,1,96.0,12,6,6,25,4,36.0,0,3,3,22.0,-8.0,3.0,3.0,1,46.0
916,Good,91.0,-8,7,97.0,19,0,0,100.0,-7,7,8,0,1,47.0,-7,1,1,0.0,-8.0,2.0,1.0,0,75.0
917,Good,63.0,284,1,92.0,40,0,0,93.0,2,4,6,29,1,12.0,-8,0,0,45.0,69.0,7.0,3.0,3,59.0
918,Bad,68.0,264,5,72.0,54,2,2,96.0,30,6,6,53,8,46.0,-7,1,1,18.0,83.0,4.0,7.0,1,50.0
919,Bad,65.0,75,1,36.0,9,2,2,75.0,38,6,4,12,2,58.0,4,1,1,33.0,46.0,2.0,3.0,1,100.0
920,Good,81.0,229,7,82.0,32,0,0,100.0,-7,7,8,32,2,25.0,11,0,0,9.0,54.0,10.0,3.0,0,65.0
921,Bad,66.0,-8,3,45.0,21,3,1,88.0,41,6,5,25,4,40.0,-7,1,1,8.0,54.0,1.0,4.0,0,50.0
922,Bad,80.0,93,5,45.0,6,0,0,100.0,-7,7,8,6,2,50.0,-7,9,7,7.0,83.0,1.0,1.0,0,67.0
923,Bad,67.0,112,3,74.0,4,1,0,80.0,30,6,5,5,1,100.0,-7,5,5,-8.0,-8.0,-8.0,1.0,-8,100.0
924,Good,78.0,149,5,57.0,22,0,0,100.0,-7,7,8,22,3,27.0,0,1,1,16.0,96.0,4.0,3.0,0,73.0
925,Bad,54.0,68,7,23.0,5,0,0,83.0,3,4,6,6,3,33.0,0,0,0,66.0,81.0,3.0,2.0,1,83.0
926,Good,83.0,229,3,71.0,14,0,0,100.0,-7,7,8,14,2,43.0,0,3,3,0.0,95.0,1.0,4.0,0,71.0
927,Bad,76.0,130,2,72.0,13,0,0,93.0,7,4,6,14,1,43.0,-7,0,0,21.0,-8.0,2.0,1.0,0,60.0
928,Bad,62.0,157,4,67.0,24,1,1,96.0,10,0,2,25,4,60.0,-7,4,3,59.0,62.0,4.0,4.0,2,73.0
929,Bad,58.0,91,4,41.0,31,0,0,100.0,-7,7,8,32,5,56.0,0,1,1,71.0,90.0,13.0,4.0,4,100.0
930,Bad,76.0,109,3,58.0,45,0,0,96.0,30,6,6,46,3,15.0,0,1,1,6.0,-8.0,8.0,1.0,1,33.0
931,Good,60.0,220,4,83.0,21,1,0,80.0,1,4,5,25,2,44.0,22,0,0,62.0,87.0,4.0,3.0,2,73.0
932,Bad,68.0,266,13,93.0,29,1,1,90.0,39,6,6,29,0,59.0,0,2,2,98.0,53.0,3.0,4.0,3,88.0
933,Good,66.0,221,9,85.0,32,1,1,94.0,43,6,2,33,2,30.0,1,2,2,58.0,25.0,14.0,3.0,6,94.0
934,Bad,56.0,162,2,38.0,30,1,1,100.0,-7,6,8,32,4,28.0,0,5,5,58.0,75.0,16.0,3.0,4,86.0
935,Bad,67.0,64,1,26.0,18,0,0,100.0,-7,7,8,19,6,53.0,-7,0,0,55.0,75.0,5.0,7.0,1,92.0
936,Good,88.0,154,11,69.0,9,0,0,100.0,-7,7,8,22,1,67.0,10,1,1,2.0,70.0,1.0,3.0,0,80.0
937,Good,93.0,425,63,179.0,6,0,0,100.0,-7,9,8,6,0,33.0,0,0,0,0.0,-8.0,0.0,-8.0,-8,0.0
938,Good,84.0,295,2,82.0,34,0,0,100.0,-7,7,8,37,4,22.0,3,1,1,4.0,-8.0,2.0,1.0,0,30.0
939,Good,84.0,184,4,98.0,22,0,0,100.0,-7,7,8,23,1,57.0,0,3,2,6.0,-8.0,2.0,-8.0,0,50.0
940,Good,86.0,321,20,96.0,15,0,0,100.0,-7,7,8,16,0,47.0,-8,0,0,16.0,59.0,3.0,2.0,0,63.0
941,Bad,63.0,148,4,71.0,13,0,0,92.0,43,6,6,13,1,54.0,3,1,1,92.0,70.0,3.0,3.0,2,100.0
942,Bad,88.0,367,25,170.0,26,0,0,100.0,-7,7,8,26,0,19.0,0,0,0,1.0,39.0,1.0,1.0,0,25.0
943,Bad,63.0,65,2,40.0,12,3,2,82.0,8,4,3,18,3,76.0,0,3,3,3.0,100.0,2.0,3.0,0,83.0
944,Good,81.0,271,10,59.0,20,0,0,100.0,-7,7,8,18,1,25.0,0,1,1,0.0,67.0,1.0,2.0,0,23.0
945,Bad,66.0,145,1,68.0,33,0,0,100.0,-7,7,8,52,6,36.0,-7,0,0,91.0,75.0,9.0,7.0,6,100.0
946,Good,89.0,284,21,92.0,16,0,0,100.0,-7,7,8,16,0,25.0,11,0,0,9.0,71.0,2.0,2.0,0,57.0
947,Bad,70.0,108,2,51.0,45,0,0,98.0,10,4,6,49,7,65.0,7,0,0,23.0,82.0,2.0,3.0,0,50.0
948,Good,87.0,308,3,90.0,27,0,0,97.0,-7,6,7,30,1,40.0,-8,0,0,19.0,62.0,5.0,3.0,0,67.0
949,Good,69.0,216,36,82.0,15,1,1,93.0,24,6,6,15,0,33.0,-8,0,0,51.0,-8.0,8.0,1.0,0,100.0
950,Good,81.0,327,2,116.0,40,0,0,100.0,-7,7,8,5,4,15.0,1,2,2,7.0,88.0,5.0,3.0,1,42.0
951,Good,74.0,24,5,18.0,4,0,0,100.0,-7,7,8,4,1,50.0,21,0,0,35.0,-8.0,1.0,1.0,-8,100.0
952,Bad,58.0,265,3,79.0,25,2,1,93.0,13,0,5,28,2,48.0,0,1,1,63.0,50.0,8.0,2.0,0,91.0
953,Bad,69.0,155,3,52.0,31,0,0,100.0,-7,7,8,31,1,29.0,-7,2,2,51.0,98.0,3.0,3.0,2,46.0
954,Bad,72.0,110,7,63.0,12,1,1,92.0,52,6,2,13,1,54.0,0,3,3,0.0,-8.0,0.0,1.0,-8,25.0
955,Bad,68.0,130,5,72.0,16,1,0,89.0,5,3,5,21,1,47.0,-7,1,1,35.0,-8.0,3.0,-8.0,0,43.0
956,Bad,70.0,137,7,51.0,27,0,0,93.0,12,6,6,27,3,30.0,0,1,1,43.0,-8.0,6.0,2.0,3,53.0
957,Bad,68.0,223,4,81.0,25,3,1,76.0,12,5,4,29,5,28.0,15,0,0,33.0,96.0,4.0,3.0,1,50.0
958,Good,68.0,205,27,104.0,40,3,1,89.0,12,6,4,46,0,70.0,-8,0,0,55.0,84.0,3.0,5.0,1,90.0
959,Good,75.0,191,3,71.0,25,0,0,100.0,-7,7,8,26,4,42.0,10,0,0,66.0,86.0,6.0,2.0,1,73.0
960,Bad,66.0,113,2,65.0,21,1,0,96.0,31,6,5,23,2,35.0,6,0,0,66.0,96.0,6.0,5.0,3,86.0
961,Good,77.0,170,10,84.0,25,0,0,100.0,-7,7,8,26,1,12.0,-7,2,2,58.0,46.0,3.0,1.0,2,50.0
962,Bad,84.0,362,11,114.0,33,0,0,97.0,25,6,6,35,1,40.0,0,3,3,1.0,89.0,2.0,2.0,0,36.0
963,Bad,78.0,266,13,95.0,16,0,0,100.0,-7,7,8,16,0,56.0,0,2,2,51.0,90.0,4.0,2.0,1,100.0
964,Good,75.0,367,1,118.0,57,0,0,95.0,28,6,6,58,3,24.0,-8,0,0,5.0,44.0,4.0,4.0,0,41.0
965,Good,90.0,230,13,73.0,11,0,0,100.0,-7,7,8,13,0,62.0,0,0,0,1.0,71.0,1.0,4.0,0,71.0
966,Good,73.0,333,1,102.0,25,0,0,96.0,16,6,6,27,4,26.0,0,5,5,37.0,3.0,3.0,3.0,-8,67.0
967,Good,88.0,156,17,140.0,5,0,0,100.0,-7,7,8,5,0,20.0,-7,0,0,20.0,-8.0,2.0,1.0,0,75.0
968,Bad,59.0,120,7,32.0,7,1,1,86.0,5,4,6,24,2,57.0,-7,1,1,42.0,95.0,1.0,2.0,0,100.0
969,Good,81.0,306,2,130.0,32,0,0,100.0,-7,7,8,34,1,35.0,1,2,2,8.0,99.0,3.0,2.0,1,35.0
970,Good,76.0,177,30,80.0,13,0,0,85.0,26,6,6,13,0,54.0,0,1,1,42.0,-8.0,2.0,1.0,0,60.0
971,Bad,69.0,39,4,23.0,7,1,0,88.0,14,6,5,8,2,13.0,0,8,8,19.0,-8.0,3.0,-8.0,0,50.0
972,Good,82.0,186,3,85.0,19,0,0,100.0,-7,7,8,22,4,27.0,3,3,3,34.0,-8.0,3.0,1.0,0,50.0
973,Bad,64.0,212,6,76.0,7,5,4,64.0,10,4,3,11,2,55.0,8,0,0,56.0,86.0,1.0,2.0,0,75.0
974,Bad,77.0,221,17,93.0,46,0,0,100.0,-7,7,8,51,0,36.0,17,0,0,41.0,-8.0,8.0,1.0,2,75.0
975,Bad,64.0,170,8,63.0,16,2,2,79.0,13,6,2,20,1,53.0,0,0,0,27.0,57.0,2.0,4.0,-8,100.0
976,Bad,64.0,45,1,19.0,10,0,0,100.0,-7,7,8,11,3,18.0,0,1,1,77.0,93.0,6.0,2.0,2,100.0
977,Bad,56.0,91,16,54.0,4,6,2,27.0,12,6,3,11,0,55.0,0,8,8,104.0,86.0,2.0,1.0,1,100.0
978,Good,79.0,203,4,95.0,28,1,0,91.0,41,6,5,16,2,28.0,3,1,1,1.0,-8.0,3.0,1.0,0,40.0
979,Bad,54.0,113,2,36.0,37,0,0,97.0,8,4,6,38,6,50.0,0,9,9,59.0,94.0,4.0,5.0,1,69.0
980,Bad,88.0,109,62,87.0,8,0,0,100.0,-7,7,8,8,0,50.0,-8,0,0,0.0,3.0,0.0,1.0,0,50.0
982,Good,77.0,366,15,93.0,29,0,0,93.0,30,6,6,30,0,37.0,0,0,0,20.0,54.0,6.0,3.0,0,56.0
983,Good,74.0,305,3,146.0,17,1,1,94.0,4,2,4,8,2,17.0,10,0,0,1.0,46.0,2.0,2.0,0,31.0
984,Bad,71.0,152,4,68.0,36,0,0,100.0,-7,7,8,38,4,44.0,4,2,2,57.0,88.0,6.0,3.0,1,82.0
985,Bad,73.0,317,1,92.0,34,0,0,100.0,-7,7,8,36,3,17.0,0,7,7,24.0,80.0,5.0,2.0,1,50.0
986,Bad,61.0,183,7,76.0,8,2,2,80.0,1,4,2,12,2,33.0,0,0,0,0.0,-8.0,1.0,1.0,0,50.0
987,Good,88.0,190,6,65.0,20,0,0,100.0,-7,7,8,21,1,14.0,5,1,1,0.0,50.0,4.0,2.0,0,46.0
988,Bad,65.0,174,3,63.0,15,1,0,81.0,1,4,5,16,5,50.0,0,4,4,32.0,66.0,3.0,4.0,0,64.0
989,Bad,65.0,125,5,54.0,28,1,1,90.0,6,4,4,31,2,58.0,0,0,0,51.0,62.0,4.0,5.0,1,75.0
990,Bad,83.0,175,26,69.0,16,0,0,100.0,-7,7,8,16,0,38.0,0,1,1,4.0,43.0,2.0,2.0,0,40.0
991,Good,84.0,170,25,87.0,10,0,0,100.0,-7,7,8,10,0,50.0,0,2,2,10.0,-8.0,2.0,-8.0,0,67.0
992,Bad,57.0,164,8,66.0,34,19,19,94.0,28,6,2,35,1,34.0,-7,0,0,14.0,68.0,4.0,6.0,0,77.0
993,Bad,57.0,164,5,74.0,30,1,1,90.0,7,0,6,35,1,57.0,0,5,4,64.0,75.0,6.0,4.0,2,92.0
994,Good,76.0,163,15,66.0,47,0,0,100.0,-7,7,8,47,0,21.0,0,4,4,9.0,82.0,5.0,6.0,1,58.0
995,Good,75.0,254,4,60.0,9,0,0,100.0,-7,7,8,9,2,44.0,0,1,1,60.0,95.0,2.0,2.0,0,80.0
996,Good,66.0,131,13,83.0,4,4,4,67.0,67,6,2,41,0,33.0,-7,0,0,67.0,-8.0,2.0,1.0,0,100.0
997,Good,83.0,97,7,57.0,17,0,0,100.0,-7,7,8,17,1,24.0,-7,0,0,19.0,85.0,3.0,3.0,0,60.0
999,Good,56.0,368,10,44.0,25,0,0,92.0,4,4,6,40,1,16.0,9,0,0,41.0,74.0,10.0,3.0,2,65.0
