,Unnamed: 0,RiskPerformance,ExternalRiskEstimate,MSinceOldestTradeOpen,MSinceMostRecentTradeOpen,AverageMInFile,NumSatisfactoryTrades,NumTrades60Ever2DerogPubRec,NumTrades90Ever2DerogPubRec,PercentTradesNeverDelq,MSinceMostRecentDelq,MaxDelq2PublicRecLast12M,MaxDelqEver,NumTotalTrades,NumTradesOpeninLast12M,PercentInstallTrades,MSinceMostRecentInqexcl7days,NumInqLast6M,NumInqLast6Mexcl7days,NetFractionRevolvingBurden,NetFractionInstallBurden,NumRevolvingTradesWBalance,NumInstallTradesWBalance,NumBank2NatlTradesWHighUtilization,PercentTradesWBalance
0,0,Bad,83,176.0,8,70,8,0,0,100.0,,7,8,8,3,50,0.0,0,0,38.0,91.0,2.0,2.0,0.0,80.0
1,1,Bad,64,25.0,1,9,5,1,1,100.0,,7,8,7,4,17,0.0,1,1,8.0,,2.0,1.0,0.0,75.0
2,2,Bad,73,229.0,13,122,16,0,0,88.0,3.0,4,6,17,0,41,0.0,0,0,40.0,56.0,2.0,2.0,0.0,100.0
3,3,Good,68,272.0,4,89,31,0,0,100.0,,7,8,33,2,27,0.0,0,0,90.0,90.0,8.0,4.0,4.0,86.0
4,4,Bad,68,147.0,5,76,30,2,0,72.0,40.0,6,5,32,3,22,1.0,3,3,48.0,61.0,4.0,2.0,1.0,67.0
5,5,Bad,72,120.0,3,51,16,1,0,94.0,80.0,6,5,19,2,53,,3,3,44.0,81.0,5.0,9.0,0.0,100.0
6,6,Bad,87,318.0,31,99,12,0,0,100.0,,7,8,12,0,25,0.0,0,0,0.0,52.0,0.0,2.0,0.0,25.0
7,7,Bad,62,295.0,7,124,55,0,0,95.0,8.0,4,6,57,2,39,5.0,0,0,32.0,48.0,6.0,4.0,2.0,57.0
9,9,Bad,61,105.0,8,53,44,1,0,89.0,6.0,4,5,45,3,36,0.0,7,7,39.0,60.0,5.0,4.0,1.0,64.0
10,10,Bad,57,81.0,2,47,13,1,1,79.0,13.0,6,6,15,1,64,0.0,1,1,48.0,19.0,5.0,4.0,0.0,100.0
11,11,Good,85,150.0,7,68,19,0,0,100.0,,7,8,19,1,58,,0,0,19.0,55.0,2.0,6.0,0.0,80.0
12,12,Bad,66,164.0,5,66,19,1,0,95.0,19.0,6,5,21,1,19,0.0,0,0,65.0,,3.0,1.0,1.0,33.0
13,13,Bad,62,164.0,1,51,31,0,0,91.0,3.0,4,6,32,2,28,0.0,1,1,17.0,62.0,8.0,3.0,2.0,52.0
14,14,Good,67,247.0,14,79,18,1,0,80.0,4.0,4,5,21,0,20,6.0,0,0,25.0,50.0,4.0,2.0,1.0,46.0
15,15,Good,75,135.0,4,60,12,1,0,93.0,26.0,6,5,14,2,43,7.0,0,0,79.0,96.0,3.0,3.0,1.0,100.0
16,16,Good,71,245.0,25,122,11,0,0,91.0,7.0,4,6,11,0,45,,0,0,35.83257918552036,,3.9130925507900676,1.0,1.0866983372921615,100.0
17,17,Bad,73,275.0,15,116,8,0,0,75.0,0.0,4,6,8,0,50,,0,0,10.0,97.0,1.0,2.0,0.0,75.0
18,18,Good,85,278.0,13,104,23,0,0,100.0,,7,8,23,0,35,5.0,1,1,42.0,69.0,1.0,3.0,0.0,44.0
19,19,Bad,57,171.0,2,50,16,1,1,89.0,9.0,4,2,19,3,21,0.0,4,4,49.0,79.0,9.0,3.0,2.0,71.0
20,20,Good,69,142.0,3,74,47,0,0,100.0,,7,8,47,1,32,0.0,7,7,32.0,80.0,15.0,4.0,1.0,71.0
21,21,Bad,69,118.0,2,42,20,1,0,91.0,27.0,6,5,22,7,23,,4,4,14.0,,4.0,1.0,0.0,55.0
22,22,Good,87,302.0,14,151,20,0,0,100.0,,7,8,20,0,30,0.0,0,0,18.0,,3.0,2.0,0.0,50.0
23,23,Bad,72,118.0,4,55,14,0,0,100.0,,7,8,14,2,36,,1,1,76.0,,6.0,2.5445665445665444,3.0,75.0
24,24,Good,78,342.0,6,95,25,0,0,100.0,,7,8,25,3,36,16.0,0,0,44.0,97.0,5.0,3.0,1.0,67.0
25,25,Bad,57,129.0,4,63,32,0,0,84.0,23.0,6,6,32,5,31,0.0,3,3,82.0,73.0,4.0,4.0,3.0,73.0
26,26,Bad,86,74.0,46,60,2,0,0,100.0,,7,8,2,0,50,0.0,0,0,35.83257918552036,,0.0,2.5445665445665444,1.0866983372921615,0.0
27,27,Bad,61,457.0,7,97,27,1,0,89.0,6.0,4,5,28,1,21,0.0,2,2,55.0,77.0,12.0,2.0,5.0,78.0
28,28,Bad,69,172.0,1,63,13,1,0,87.0,41.0,6,5,15,3,40,0.0,0,0,80.0,,3.0,1.0,2.0,50.0
29,29,Bad,81,329.0,12,111,19,0,0,95.0,1.0,4,6,20,0,55,0.0,0,0,1.0,86.0,2.0,4.0,0.0,67.0
30,30,Good,65,29.0,9,18,10,0,0,100.0,,7,8,10,3,40,0.0,5,5,38.0,68.0,5.0,3.0,0.0,89.0
31,31,Bad,68,319.0,2,127,26,0,0,93.0,20.0,6,6,28,2,29,0.0,0,0,29.0,47.0,9.0,4.0,2.0,62.0
32,32,Bad,70,303.0,1,69,37,0,0,100.0,,7,8,40,3,53,2.0,1,1,49.0,82.0,10.0,6.0,0.0,94.0
33,33,Good,66,173.0,8,58,17,2,1,85.0,2.0,0,2,20,4,45,0.0,0,0,7.0,68.0,3.0,2.0,0.0,75.0
34,34,Bad,84,325.0,2,107,13,0,0,100.0,,7,8,14,2,29,1.0,1,1,19.0,98.0,4.0,3.0,0.0,70.0
35,35,Good,76,98.0,11,50,15,0,0,100.0,,7,8,15,2,27,0.0,0,0,42.0,60.0,2.0,2.0,1.0,63.0
36,36,Bad,77,31.0,31,31,1,0,0,100.0,,7,8,1,0,0,0.0,6,6,35.83257918552036,,3.9130925507900676,2.5445665445665444,1.0866983372921615,66.87290969899665
37,37,Bad,56,23.0,7,15,6,0,0,100.0,,7,8,6,2,33,0.0,11,11,95.0,,3.0,1.0,1.0,100.0
38,38,Good,87,196.0,30,117,19,0,0,100.0,,7,8,20,0,30,0.0,0,0,7.0,,5.0,2.5445665445665444,1.0866983372921615,71.0
39,39,Bad,65,37.0,5,20,16,0,0,100.0,,7,8,16,5,44,0.0,0,0,58.0,84.0,1.0,3.0,1.0,71.0
40,40,Bad,70,43.0,4,21,11,0,0,100.0,,7,8,13,4,38,0.0,3,3,64.0,98.0,4.0,3.0,1.0,88.0
41,41,Bad,71,183.0,3,96,11,1,1,100.0,,7,8,13,2,0,0.0,0,0,0.0,,0.0,2.5445665445665444,0.0,0.0
42,42,Bad,59,199.1577142857143,41,90,4,2,0,50.0,9.0,3,5,6,0,83,13.0,0,0,16.0,,1.0,1.0,0.0,100.0
43,43,Bad,76,316.0,6,101,9,0,0,100.0,,7,8,10,1,80,0.0,1,1,81.0,70.0,1.0,1.0,1.0,100.0
44,44,Good,79,421.0,3,66,15,0,0,100.0,,7,8,15,1,40,0.0,0,0,46.0,63.0,2.0,2.0,2.0,50.0
45,45,Bad,55,37.0,6,24,6,1,0,86.0,1.0,3,5,7,2,57,0.0,0,0,13.0,,2.0,1.0,1.0,75.0
46,46,Good,72,403.0,31,180,23,0,0,87.0,56.0,6,6,23,0,17,0.0,1,1,53.0,,9.0,1.0,3.0,83.0
47,47,Good,89,209.0,1,96,22,0,0,100.0,,7,8,26,3,38,5.0,1,1,18.0,59.0,2.0,3.0,0.0,71.0
48,48,Bad,59,123.0,4,66,32,1,1,88.0,6.0,4,6,32,2,31,,0,0,36.0,76.0,5.0,4.0,2.0,56.0
49,49,Bad,71,229.0,4,89,47,1,1,92.0,3.0,0,2,21,3,25,,0,0,24.0,88.0,10.0,4.0,1.0,63.0
50,50,Bad,56,79.0,35,56,6,3,0,67.0,3.0,4,5,9,0,33,0.0,0,0,54.0,,1.0,1.0,0.0,100.0
52,52,Bad,63,213.0,18,98,4,2,2,100.0,,6,8,4,0,50,,0,0,114.0,,1.0,1.0,1.0866983372921615,100.0
53,53,Bad,63,271.0,2,51,20,0,0,100.0,,7,8,26,2,32,,1,1,88.0,94.0,9.0,2.0,3.0,100.0
54,54,Good,85,449.0,5,71,33,0,0,100.0,,7,8,23,2,12,5.0,2,2,1.0,93.0,2.0,2.0,0.0,21.0
55,55,Good,68,90.0,4,52,14,2,1,88.0,62.0,6,2,16,1,75,,1,1,55.0,78.0,2.0,11.0,1.0,93.0
56,56,Good,80,162.0,5,58,41,0,0,98.0,20.758835758835758,6,6,42,5,60,0.0,0,0,6.0,90.0,3.0,10.0,0.0,64.0
57,57,Bad,68,155.0,13,48,10,2,2,90.0,8.0,4,6,12,0,40,0.0,0,0,59.0,49.0,3.0,4.0,0.0,100.0
58,58,Good,81,133.0,15,63,20,0,0,100.0,,7,8,20,0,35,11.0,0,0,5.0,,1.0,1.0,0.0,25.0
59,59,Good,86,333.0,6,93,32,0,0,100.0,,7,8,32,3,22,0.0,0,0,6.0,,6.0,2.0,0.0,44.0
60,60,Good,78,165.0,7,52,8,0,0,100.0,,7,8,8,1,38,,1,1,53.0,91.0,2.0,2.0,0.0,80.0
61,61,Good,77,68.0,11,31,7,0,0,100.0,,7,8,7,2,14,0.0,4,3,0.0,,0.0,2.5445665445665444,0.0,0.0
63,64,Good,82,368.0,6,106,23,0,0,,,6,6,23,2,22,0.0,1,1,8.0,,3.0,1.0,1.0,36.0
64,65,Good,61,246.0,20,95,18,2,2,86.0,11.0,7,8,21,0,38,0.0,1,1,62.0,,5.0,1.0,2.0,88.0
65,66,Bad,74,319.0,2,83,24,1,0,88.0,9.0,4,4,28,3,37,,1,1,6.0,100.0,3.0,2.0,0.0,42.0
66,67,Good,79,238.0,7,92,23,0,0,96.0,59.0,3,5,23,1,22,0.0,0,0,31.0,49.0,8.0,3.0,0.0,61.0
67,68,Good,67,212.0,16,87,24,2,0,86.0,13.0,6,6,29,0,55,0.0,1,1,41.0,92.0,6.0,2.0,0.0,100.0
68,69,Good,68,50.0,1,81,29,0,0,94.0,44.0,6,5,1,2,22,0.0,2,2,43.0,75.0,2.0,3.0,2.0,42.0
69,70,Bad,59,183.0,2,73,28,1,1,90.0,2.0,6,6,31,2,32,0.0,10,10,66.0,62.0,5.0,3.0,1.0,57.0
70,71,Bad,67,190.0,17,83,29,1,0,93.0,74.0,0,2,28,0,27,17.0,0,0,72.0,,7.0,1.0,3.0,67.0
71,72,Bad,50,239.0,10,76,21,4,3,72.0,2.0,6,5,9,2,36,0.0,2,2,58.0,94.0,5.0,3.0,0.0,80.0
72,73,Bad,56,252.0,7,50,13,1,1,86.0,3.0,0,2,14,3,50,0.0,4,4,67.0,68.0,3.0,3.0,2.0,60.0
73,74,Bad,68,231.0,2,18,6,1,1,,,0,2,20,4,0,,2,2,8.0,,2.0,2.5445665445665444,0.0,50.0
74,75,Good,75,146.0,14,73,8,0,0,75.0,5.0,7,8,57,0,38,22.0,0,0,0.0,,0.0,1.0,1.0866983372921615,50.0
75,76,Bad,78,294.0,11,78,28,1,1,97.0,59.0,4,6,29,1,24,2.0,1,1,6.0,,4.0,2.5445665445665444,0.0,33.0
76,77,Good,66,220.0,28,119,6,0,0,57.0,1.0,6,3,7,0,0,7.0,0,0,17.0,,3.0,2.5445665445665444,1.0,75.0
77,78,Bad,65,140.0,14,49,12,1,1,,,4,6,12,0,58,0.0,0,0,66.0,,2.0,3.0,0.0,100.0
78,79,Bad,74,158.0,8,88,37,0,0,97.0,24.0,6,8,4,1,42,0.0,2,2,37.0,56.0,3.0,4.0,1.0,78.0
79,80,Bad,62,335.0,2,26,19,0,0,,,6,6,7,7,29,0.0,2,2,49.0,,6.0,4.0,4.0,67.0
80,81,Good,83,195.0,4,94,18,0,0,100.0,,7,8,18,2,28,4.0,1,1,25.0,56.0,2.0,2.0,0.0,44.0
81,82,Bad,84,163.0,4,56,36,0,0,100.0,,7,8,36,2,17,12.0,0,0,14.0,88.0,3.0,2.0,1.0,46.0
82,83,Good,61,270.0,2,38,17,0,0,100.0,,7,8,22,7,9,0.0,1,1,42.0,71.0,8.0,2.0,4.0,59.0
83,84,Bad,74,257.0,7,93,33,0,0,92.0,23.0,7,8,38,2,32,0.0,2,2,1.0,,4.0,1.0,0.0,33.0
84,85,Bad,63,191.0,23,68,12,1,1,92.0,4.0,6,6,8,0,58,4.0,1,1,4.0,40.0,1.0,3.0,0.0,67.0
85,86,Bad,69,78.0,5,40,16,0,0,,,0,6,16,1,25,0.0,2,2,69.0,,3.0,2.0,2.0,83.0
86,87,Bad,86,149.0,3,69,14,0,0,100.0,,7,8,14,2,57,,0,0,15.0,91.0,1.0,2.0,0.0,43.0
87,88,Good,72,113.0,10,77,21,5,5,73.0,36.0,7,8,26,1,15,0.0,2,2,4.0,,2.0,1.0,0.0,60.0
88,89,Bad,67,54.0,1,20,12,0,0,,,6,2,13,4,38,0.0,1,1,53.0,98.0,5.0,2.0,1.0,70.0
89,90,Bad,68,118.0,7,64,11,0,0,86.0,9.0,7,8,14,1,64,0.0,1,1,27.0,65.0,1.0,5.0,0.0,100.0
90,91,Bad,66,273.0,2,149,8,2,0,83.0,19.0,4,6,17,3,33,1.0,1,1,44.0,84.0,4.0,2.0,2.0,70.0
91,92,Good,64,185.0,8,96,31,2,0,88.0,17.0,6,5,33,1,21,16.0,0,0,73.0,92.0,8.0,3.0,6.0,73.0
92,93,Bad,71,214.0,18,127,10,1,0,64.0,14.0,6,5,11,0,18,,0,0,51.0,81.0,3.0,1.0,2.0,57.0
93,94,Good,83,108.0,17,69,8,0,0,,,6,5,8,0,63,4.0,1,1,21.0,72.0,1.0,1.0,0.0,67.0
94,95,Bad,65,80.0,11,53,12,1,1,85.0,21.0,7,8,14,1,38,13.0,0,0,0.0,85.0,0.0,2.0,1.0866983372921615,67.0
95,96,Bad,57,23.0,8,56,4,2,1,67.0,16.0,6,2,1,1,33,1.0,2,2,92.0,75.0,1.0,1.0,1.0866983372921615,67.0
96,97,Bad,85,211.0,5,73,19,0,0,,,6,4,33,4,11,0.0,1,1,17.0,,3.0,1.0,0.0,33.0
97,98,Good,68,261.0,2,63,13,0,0,86.0,25.0,7,8,14,5,36,0.0,2,2,32.0,95.0,7.0,3.0,0.0,83.0
98,99,Bad,68,74.0,3,32,14,1,1,93.0,30.0,6,6,15,4,40,0.0,0,0,58.0,32.0,2.0,5.0,1.0,64.0
99,100,Bad,77,426.0,9,124,19,0,0,95.0,18.0,6,3,14,1,50,,0,0,46.0,,3.0,1.0,1.0,57.0
100,101,Good,79,305.0,9,121,12,1,0,69.0,9.0,6,6,16,1,19,,0,0,6.0,,6.0,1.0,0.0,64.0
101,103,Bad,92,407.0,7,142,21,0,0,,,4,5,21,1,48,,0,0,0.0,,1.0,2.0,0.0,33.0
103,105,Good,75,262.0,1,82,28,1,0,83.0,13.0,7,8,31,3,20,,3,3,9.0,100.0,5.0,1.0,0.0,47.0
104,106,Good,72,206.0,6,65,43,0,0,100.0,,7,8,44,1,34,0.0,1,1,66.0,60.0,7.0,3.0,4.0,91.0
105,107,Bad,74,199.1577142857143,3,93,19,0,0,90.0,33.0,6,5,21,3,43,,2,2,34.0,78.0,4.0,3.0,1.0,64.0
106,108,Good,77,176.0,23,87,13,0,0,100.0,,7,8,13,0,31,0.0,1,1,51.0,,3.0,1.0,2.0,57.0
107,109,Bad,61,132.0,8,69,3,1,1,80.0,12.0,6,6,5,2,100,0.0,0,0,35.83257918552036,94.0,3.9130925507900676,2.0,1.0866983372921615,100.0
108,110,Good,76,374.0,9,124,25,0,0,88.0,21.0,7,8,23,2,24,8.0,0,0,4.0,,5.0,3.0,0.0,57.0
109,111,Bad,61,187.0,3,72,28,1,0,97.0,1.0,6,2,30,2,57,10.0,0,0,32.0,53.0,6.0,4.0,1.0,77.0
110,112,Good,58,165.0,8,79,27,0,0,96.0,19.0,6,6,27,1,37,4.0,1,1,85.0,78.0,9.0,5.0,5.0,100.0
111,113,Good,58,183.0,11,36,30,0,0,,,4,5,32,3,17,,8,7,87.0,,15.0,2.0,10.0,81.0
112,114,Bad,72,304.0,6,83,27,0,0,93.0,55.0,6,6,27,5,33,0.0,2,2,34.0,90.0,6.0,3.0,1.0,69.0
113,115,Bad,87,326.0,7,111,26,0,0,100.0,,7,8,30,1,40,0.0,0,0,12.0,89.0,3.0,2.0,0.0,56.0
114,116,Good,78,249.0,7,86,37,0,0,,,5,6,54,5,42,2.0,4,4,41.0,84.0,4.0,6.0,0.0,79.0
115,117,Good,69,154.0,3,63,23,1,0,96.0,25.0,7,8,27,5,33,3.0,1,1,61.0,,3.0,1.0,1.0,67.0
116,118,Good,67,296.0,1,68,20,0,0,100.0,,7,8,22,5,27,0.0,7,7,64.0,,7.0,1.0,2.0,80.0
117,119,Bad,83,115.0,1,60,19,0,0,,,6,5,21,3,29,1.0,4,4,8.0,5.0,3.0,2.0,0.0,45.0
118,120,Good,59,261.0,7,158,16,0,0,79.0,3.0,7,8,19,1,21,,0,0,76.0,86.0,10.0,2.0,4.0,100.0
119,121,Bad,75,116.0,2,61,41,0,0,100.0,,7,8,42,1,17,0.0,2,1,34.0,,2.0,2.5445665445665444,1.0,22.0
120,122,Bad,64,150.0,2,45,12,1,1,86.0,3.0,4,6,14,4,21,0.0,2,2,9.0,,4.0,1.0,1.0866983372921615,56.0
121,123,Good,74,199.1577142857143,2,65,35,0,0,100.0,,7,8,0,2,28,0.0,1,1,19.0,,4.0,3.0,1.0,70.0
122,124,Bad,80,139.0,8,67,35,0,0,97.0,29.0,0,2,35,2,29,0.0,3,3,5.0,87.0,4.0,3.0,0.0,54.0
123,125,Good,54,39.0,6,19,6,7,7,100.0,,7,8,15,1,75,0.0,2,2,92.0,86.0,2.0,3.0,2.0,100.0
124,127,Good,85,207.0,8,102,21,0,0,,,6,6,21,1,29,8.0,0,0,0.0,,2.0,1.0,0.0,67.0
125,128,Bad,91,225.0,4,121,12,0,0,100.0,,0,8,28,2,25,,0,0,3.0,,2.0,1.0,0.0,60.0
127,130,Good,64,111.0,3,35,15,2,2,100.0,,7,8,17,2,33,0.0,1,1,70.0,97.0,4.0,3.0,0.0,78.0
128,131,Good,60,255.0,1,92,29,0,0,77.0,2.0,7,8,34,5,19,5.0,3,3,14.0,,5.0,1.0,1.0,60.0
129,132,Good,79,275.0,0,91,13,0,0,86.0,6.0,6,6,14,3,29,6.0,0,0,0.0,,1.0,1.0,0.0,33.0
130,133,Bad,56,137.0,4,65,38,1,0,80.0,2.0,7,8,41,2,27,0.0,1,1,64.0,48.0,7.0,2.0,2.0,69.0
131,134,Good,62,187.0,2,68,27,7,5,79.0,32.0,4,6,33,4,24,2.0,3,3,4.0,80.0,1.0,5.0,0.0,32.0
132,135,Good,82,299.0,1,112,12,0,0,,,4,6,13,3,8,0.0,1,1,34.0,,4.0,1.0,1.0,45.0
133,136,Bad,86,379.0,8,176,24,0,0,,,4,5,27,1,22,0.0,0,0,0.0,,2.0,2.5445665445665444,0.0,20.0
134,137,Good,73,77.0,5,44,15,0,0,,,6,3,15,1,67,14.0,0,0,68.0,77.0,3.0,4.0,2.0,100.0
135,138,Bad,78,169.0,2,53,21,0,0,95.0,24.0,7,8,22,1,45,,0,0,0.0,78.0,2.0,1.0,0.0,43.0
136,139,Bad,70,92.0,11,57,16,0,0,88.0,16.0,7,8,16,1,44,0.0,0,0,37.0,61.0,1.0,3.0,0.0,67.0
137,140,Bad,63,131.0,11,61,8,2,1,60.0,17.0,7,8,10,1,30,3.0,2,1,78.0,45.0,3.0,1.0,2.0,80.0
138,141,Bad,61,197.0,5,54,40,1,1,95.0,3.0,6,6,23,1,15,4.0,2,2,60.0,39.0,16.0,2.0,7.0,67.0
139,142,Good,67,118.0,6,37,23,2,2,88.0,70.0,6,6,26,5,42,0.0,0,0,31.0,70.0,5.0,3.0,1.0,67.0
140,143,Bad,66,150.0,14,80,17,3,1,67.0,43.0,6,3,24,0,63,0.0,0,0,35.83257918552036,61.0,3.9130925507900676,2.0,1.0866983372921615,100.0
141,144,Bad,75,169.0,2,59,21,0,0,,,0,2,22,4,36,,4,4,43.0,112.0,4.0,6.0,0.0,83.0
142,145,Bad,58,120.0,8,67,22,1,0,74.0,6.0,6,2,23,1,26,0.0,2,2,87.0,79.0,7.0,3.0,4.0,92.0
143,146,Bad,73,211.0,11,108,26,0,0,97.0,8.0,6,5,29,1,14,0.0,0,0,15.0,,6.0,1.0,0.0,47.0
144,147,Bad,77,330.0,8,72,16,0,0,100.0,,7,8,16,3,56,0.0,0,0,0.0,,0.0,3.0,0.0,43.0
145,148,Bad,60,342.0,2,77,29,4,0,72.0,25.0,3,5,36,4,58,0.0,1,1,47.0,88.0,3.0,4.0,1.0,88.0
146,149,Bad,56,172.0,4,64,16,2,0,68.0,5.0,4,6,19,3,37,0.0,0,0,46.0,86.0,4.0,2.0,1.0,55.0
147,151,Bad,67,279.0,5,60,35,0,0,100.0,,7,8,36,4,43,2.0,2,2,93.0,90.0,1.0,4.0,1.0866983372921615,100.0
148,152,Bad,61,282.0,2,86,40,1,1,95.0,1.0,5,5,42,4,14,0.0,3,3,40.0,100.0,8.0,2.0,2.0,55.0
149,153,Good,77,275.0,0,63,15,1,0,89.0,29.0,4,5,18,4,22,0.0,2,2,18.0,,4.0,1.0,0.0,56.0
151,155,Good,74,277.0,30,123,24,0,0,88.0,12.0,7,8,24,0,25,0.0,0,0,45.0,,12.0,1.0,2.0,93.0
152,157,Good,66,244.0,11,128,30,0,0,93.0,4.0,0,2,10,1,43,2.0,1,1,23.0,74.0,8.0,4.0,2.0,100.0
153,158,Bad,72,242.0,6,68,15,0,0,87.0,5.0,6,5,16,1,73,7.0,0,0,0.0,8.0,0.0,2.0,0.0,50.0
154,159,Good,76,140.0,4,54,15,0,0,100.0,,7,8,15,4,53,0.0,4,4,14.0,71.0,3.0,3.0,1.0,67.0
155,160,Bad,71,386.0,2,86,30,1,0,97.0,10.0,6,6,33,2,24,0.0,0,0,24.0,60.0,5.0,5.0,1.0,53.0
157,162,Bad,79,439.0,15,142,17,2,2,89.0,68.0,4,6,38,0,11,15.0,0,0,3.0,,5.0,2.5445665445665444,0.0,50.0
158,163,Good,64,260.0,1,61,17,1,1,95.0,6.0,4,6,23,5,26,,0,0,68.0,88.0,3.0,2.0,1.0,71.0
159,164,Bad,75,113.0,97,105,2,0,0,100.0,,7,8,2,0,0,0.0,0,0,101.0,,2.0,2.5445665445665444,1.0,100.0
160,165,Good,67,222.0,5,71,21,1,1,82.0,4.0,3,5,22,1,14,0.0,1,1,37.0,,5.0,1.0,0.0,46.0
161,166,Good,57,32.0,3,14,11,0,0,100.0,,7,8,11,6,36,,0,0,73.0,89.0,6.0,3.0,2.0,100.0
162,167,Bad,91,397.0,36,140,21,0,0,,,6,3,21,0,19,0.0,0,0,3.0,,1.0,1.0,0.0,22.0
163,168,Bad,68,116.0,1,51,20,0,0,,,2,4,21,2,24,0.0,2,2,50.0,,6.0,1.0,2.0,64.0
164,169,Bad,57,155.0,0,42,32,0,0,97.0,0.0,7,8,34,10,18,0.0,1,1,40.0,90.0,7.0,4.0,1.0,50.0
165,170,Good,66,176.0,7,61,24,0,0,92.0,0.0,4,4,24,1,33,0.0,0,0,18.0,92.0,4.0,2.0,1.0,58.0
166,171,Bad,63,282.0,2,112,20,0,0,71.0,12.0,7,8,21,1,29,0.0,1,0,51.0,,7.0,2.0,3.0,77.0
167,172,Good,76,199.1577142857143,2,17,7,0,0,100.0,,7,8,0,1,33,2.0,2,2,9.0,73.0,3.0,2.0,0.0,63.0
168,173,Bad,73,199.1577142857143,1,104,12,1,0,93.0,5.0,7,8,0,1,43,,1,1,0.0,100.0,1.0,2.0,0.0,50.0
169,174,Good,63,213.0,6,86,24,0,0,96.0,64.0,4,6,24,2,29,0.0,1,1,75.0,79.0,7.0,2.0,5.0,60.0
170,175,Good,88,171.0,17,91,15,0,0,,,4,6,16,0,50,17.0,0,0,0.0,,0.0,1.0,0.0,25.0
171,176,Bad,89,270.0,3,98,12,0,0,,,6,6,12,2,25,13.0,0,0,9.0,6.0,2.0,2.0,0.0,67.0
172,177,Good,65,208.0,3,84,20,0,0,85.0,18.0,7,8,20,3,20,0.0,0,0,55.0,92.0,8.0,2.0,2.0,67.0
173,178,Bad,69,105.0,3,30,17,0,0,,,3,5,17,7,12,4.0,1,1,32.0,100.0,6.0,1.0,2.0,64.0
174,179,Good,79,168.0,9,58,21,0,0,90.0,76.0,6,6,21,3,38,0.0,0,0,27.0,88.0,5.0,3.0,0.0,62.0
175,180,Good,74,219.0,13,90,30,0,0,100.0,,7,8,30,0,33,0.0,2,2,28.0,,9.0,2.0,1.0,79.0
176,181,Good,77,276.0,41,145,19,0,0,100.0,,7,8,19,0,21,,1,1,59.0,36.0,6.0,2.0,1.0,62.0
177,182,Bad,70,182.0,2,34,7,0,0,,,6,6,8,5,13,0.0,2,2,57.0,,4.0,2.5445665445665444,1.0,100.0
178,183,Bad,92,262.0,4,161,10,0,0,100.0,,7,8,33,1,10,,0,0,0.0,,1.0,2.5445665445665444,0.0,25.0
179,184,Good,84,188.0,12,78,30,0,0,,,6,6,30,0,21,2.0,1,1,0.0,,1.0,2.0,1.0,75.0
180,185,Good,76,149.0,15,62,13,0,0,100.0,,7,8,13,0,38,0.0,0,0,0.0,55.0,0.0,3.0,0.0,75.0
181,187,Bad,60,160.0,3,48,16,0,0,81.0,5.0,7,8,16,4,31,4.0,2,2,65.0,74.0,2.0,3.0,1.0,63.0
182,188,Bad,72,86.0,3,51,27,0,0,100.0,,7,8,15,5,15,2.0,1,1,60.0,,5.0,1.0,2.0,50.0
183,189,Good,77,158.0,23,104,20,0,0,100.0,,7,8,22,0,32,0.0,1,1,72.0,,1.0,1.0,1.0,50.0
184,191,Good,81,163.0,22,55,24,0,0,92.0,16.0,7,8,24,0,25,0.0,0,0,0.0,,1.0,2.0,0.0,33.0
185,192,Good,79,180.0,7,99,26,0,0,100.0,,7,8,10,2,23,2.0,1,1,28.0,34.0,4.0,3.0,1.0,58.0
187,194,Good,82,77.0,10,42,8,0,0,,,4,6,8,1,25,20.0,0,0,3.0,84.0,2.0,2.0,0.0,57.0
188,195,Good,83,414.0,4,135,26,0,0,100.0,,7,8,24,2,19,,0,0,13.0,8.0,6.0,1.0,0.0,47.0
189,196,Good,77,242.0,2,86,14,0,0,93.0,17.0,7,8,15,1,33,,1,1,26.0,,3.0,2.0,0.0,83.0
191,198,Bad,54,175.0,4,58,42,0,0,90.0,1.0,6,6,42,3,24,1.0,2,2,41.0,,7.0,2.0,5.0,60.0
192,199,Good,70,228.0,2,49,11,0,0,100.0,,7,8,12,2,0,8.0,0,0,57.0,,9.0,2.5445665445665444,6.0,90.0
193,200,Good,80,175.0,11,73,15,0,0,100.0,,7,8,17,1,53,11.0,0,0,32.0,84.0,3.0,4.0,0.0,88.0
194,201,Good,78,202.0,1,102,12,0,0,86.0,17.0,7,8,39,2,57,,0,0,16.0,101.0,3.0,4.0,0.0,89.0
195,202,Good,81,112.0,2,55,17,0,0,100.0,,7,8,19,1,47,0.0,1,1,24.0,,1.0,2.0,1.0,33.0
196,203,Good,76,241.0,9,80,48,0,0,,,6,6,49,2,20,0.0,2,2,22.0,,9.0,2.5445665445665444,1.0,37.0
197,204,Good,70,419.0,6,79,15,2,2,90.0,2.0,6,7,21,3,29,0.0,1,1,44.0,,2.0,1.0,1.0,38.0
198,205,Good,69,301.0,32,178,5,1,0,56.0,2.0,4,6,9,0,44,,0,0,75.0,40.0,2.0,2.0,1.0,80.0
199,206,Bad,58,94.0,7,45,7,2,2,88.0,20.758835758835758,7,8,9,1,63,0.0,1,1,81.0,,2.0,1.0,0.0,75.0
200,207,Bad,61,395.0,30,103,8,0,0,73.0,2.0,7,8,11,0,18,,0,0,79.0,,5.0,2.5445665445665444,2.0,100.0
201,208,Bad,74,66.0,6,36,10,0,0,,,6,6,10,1,40,0.0,3,0,41.0,94.0,2.0,1.0,1.0,75.0
202,209,Bad,79,288.0,4,79,44,0,0,100.0,,7,8,47,4,28,11.0,0,0,27.0,93.0,7.0,2.0,1.0,53.0
203,210,Good,61,197.0,40,81,21,2,2,79.0,9.0,5,8,24,0,46,0.0,1,1,80.0,24.0,4.0,2.0,2.0,78.0
204,211,Good,85,149.0,8,63,15,0,0,,,0,2,15,1,40,0.0,2,2,5.0,32.0,1.0,3.0,0.0,44.0
205,212,Bad,61,251.0,12,74,15,0,0,93.0,70.0,4,5,15,0,13,0.0,1,1,89.0,,7.0,1.0,5.0,100.0
206,213,Bad,59,81.0,6,41,27,5,5,,,6,4,27,2,44,1.0,4,4,49.0,73.0,6.0,4.0,2.0,71.0
207,214,Bad,89,342.0,25,110,8,0,0,,,4,6,8,0,63,,0,0,0.0,,0.0,2.5445665445665444,1.0866983372921615,0.0
208,215,Bad,80,335.0,15,146,28,0,0,100.0,,7,8,28,0,18,14.0,0,0,34.0,75.0,9.0,2.0,1.0,65.0
209,216,Good,77,70.0,3,37,9,0,0,100.0,,7,8,9,2,11,0.0,1,1,14.0,,2.0,2.5445665445665444,0.0,67.0
210,217,Bad,70,212.0,1,56,32,0,0,,,4,6,36,11,36,1.0,4,4,19.0,91.0,7.0,2.0,0.0,75.0
211,218,Good,81,136.0,24,63,19,0,0,100.0,,7,8,19,0,21,,0,0,42.0,39.0,1.0,2.0,0.0,60.0
212,219,Bad,85,141.0,6,78,10,0,0,91.0,77.0,6,6,12,1,27,0.0,3,3,1.0,,1.0,1.0,0.0,50.0
213,220,Bad,75,164.0,7,65,32,2,0,88.0,66.0,0,8,34,3,21,0.0,1,1,7.0,,4.0,1.0,0.0,63.0
214,221,Good,59,279.0,4,70,7,0,0,63.0,7.0,7,8,8,2,25,1.0,1,1,72.0,40.0,4.0,2.0,1.0,86.0
215,222,Bad,65,133.0,5,41,17,0,0,94.0,5.0,7,8,17,5,53,0.0,1,1,43.0,90.0,2.0,4.0,1.0,67.0
216,223,Good,69,91.0,18,53,36,0,0,100.0,,7,8,41,0,33,4.0,1,1,72.0,53.0,8.0,5.0,2.0,87.0
217,224,Bad,81,197.0,3,65,31,0,0,100.0,,7,8,31,3,29,9.0,0,0,2.0,,1.0,2.0,0.0,27.0
218,225,Good,59,167.0,24,116,28,2,0,75.0,0.0,7,8,32,0,13,0.0,0,0,92.0,,11.0,1.0,8.0,93.0
219,226,Good,73,110.0,8,71,8,4,0,50.0,37.0,6,6,14,1,43,0.0,1,1,14.0,,1.0,2.0,1.0,43.0
220,227,Good,64,162.0,2,53,14,0,0,,,6,5,15,2,27,2.0,1,1,63.0,88.0,7.0,3.0,4.0,100.0
221,228,Bad,79,132.0,6,62,22,0,0,,,4,6,24,3,21,,0,0,56.0,,3.0,2.5445665445665444,0.0,50.0
222,229,Good,74,149.0,3,36,14,0,0,,,4,6,14,4,50,0.0,1,1,32.0,25.0,3.0,5.0,0.0,80.0
223,231,Good,66,288.0,10,77,27,0,0,96.0,26.0,7,8,44,1,44,12.0,0,0,72.0,86.0,7.0,2.0,3.0,100.0
224,232,Good,84,151.0,7,85,14,0,0,100.0,,7,8,14,1,57,7.0,2,0,18.0,75.0,2.0,3.0,1.0866983372921615,100.0
225,233,Bad,81,261.0,11,110,27,0,0,96.0,53.0,4,5,27,1,22,0.0,0,0,23.0,13.0,11.0,2.0,0.0,65.0
226,234,Bad,79,210.0,7,96,24,0,0,92.0,6.0,6,5,24,1,21,0.0,2,2,18.0,45.0,4.0,3.0,0.0,58.0
227,235,Good,76,404.0,7,125,27,1,0,97.0,69.0,7,8,29,2,10,4.0,1,1,11.0,,5.0,1.0,2.0,50.0
228,236,Good,72,174.0,3,55,21,0,0,95.0,65.0,7,8,22,3,36,,5,5,17.0,98.0,3.0,2.0,1.0,56.0
229,237,Bad,89,166.0,6,96,19,0,0,100.0,,7,8,19,1,32,9.0,0,0,10.0,66.0,4.0,2.0,1.0,75.0
231,239,Bad,68,221.0,7,89,19,4,0,83.0,53.0,6,6,23,1,39,0.0,0,0,70.0,100.0,2.0,2.0,2.0,40.0
232,240,Good,57,246.0,3,78,16,2,2,94.0,9.0,7,8,24,2,31,,0,0,85.0,39.0,6.0,2.0,3.0,89.0
233,241,Good,78,218.0,6,80,48,0,0,,,6,6,48,1,56,1.0,1,1,11.0,92.0,3.0,2.0,0.0,56.0
234,243,Bad,89,162.0,8,82,19,0,0,,,4,6,21,2,24,,1,1,3.0,,1.0,1.0,0.0,33.0
235,244,Good,86,153.0,7,88,15,0,0,,,6,5,15,1,27,,0,0,5.0,,2.0,1.0,0.0,43.0
236,245,Bad,75,160.0,2,82,46,0,0,,,6,6,48,2,17,0.0,3,3,19.0,,10.0,3.0,1.0,41.0
237,246,Bad,64,141.0,1,29,23,1,1,96.0,39.0,7,8,26,7,12,1.0,7,7,34.0,87.0,10.0,2.0,0.0,82.0
238,247,Good,71,172.0,1,64,17,0,0,89.0,22.0,6,6,18,1,33,3.0,1,1,46.0,64.0,7.0,2.0,2.0,75.0
239,248,Bad,72,113.0,18,55,25,0,0,96.0,,6,5,25,0,48,0.0,2,2,52.0,27.0,4.0,4.0,1.0,73.0
240,250,Bad,69,390.0,3,100,18,3,1,67.0,3.0,4,6,11,1,10,14.0,0,0,7.0,,3.0,2.5445665445665444,0.0,27.0
241,251,Good,60,49.0,5,23,16,0,0,100.0,,7,8,16,3,31,0.0,1,1,40.0,82.0,6.0,3.0,0.0,90.0
243,253,Good,66,272.0,2,95,44,0,0,100.0,,7,8,49,3,29,0.0,4,4,63.0,64.0,16.0,4.0,6.0,80.0
244,254,Good,57,129.0,29,74,12,17,16,30.0,6.0,7,8,30,0,73,,0,0,26.0,47.0,2.0,9.0,0.0,92.0
245,255,Bad,67,143.0,2,51,27,0,0,97.0,56.0,7,8,31,4,69,1.0,5,5,57.0,95.0,5.0,4.0,2.0,90.0
246,256,Bad,62,171.0,5,92,52,1,0,90.0,4.0,6,2,58,2,47,,0,0,28.0,32.0,7.0,7.0,0.0,78.0
247,257,Bad,72,192.0,11,75,13,1,0,88.0,6.0,6,6,18,1,56,3.0,2,2,0.0,,0.0,2.0,0.0,40.0
248,258,Bad,73,251.0,3,105,33,0,0,85.0,26.0,5,7,33,3,24,,0,0,22.0,,7.0,1.0,0.0,53.0
250,260,Bad,72,169.0,5,60,21,1,1,96.0,30.0,4,4,23,1,52,0.0,4,4,66.0,82.0,4.0,3.0,1.0,78.0
251,261,Bad,61,183.0,26,111,3,1,1,60.0,7.0,7,8,5,0,20,,1,1,94.0,,1.0,1.0,1.0866983372921615,100.0
252,262,Good,78,199.0,7,73,39,0,0,95.0,22.0,4,6,40,1,21,,1,0,15.0,19.0,2.0,5.0,1.0,50.0
253,263,Good,73,134.0,3,55,26,0,0,100.0,,7,8,26,5,35,6.0,1,0,64.0,33.0,4.0,2.0,2.0,64.0
254,264,Bad,57,132.0,3,67,47,1,1,96.0,6.0,1,3,14,2,55,0.0,5,5,50.0,86.0,8.0,13.0,2.0,81.0
255,265,Bad,86,160.0,14,82,15,0,0,,,6,6,15,0,20,0.0,1,1,31.0,56.0,2.0,2.0,0.0,50.0
256,266,Bad,76,82.0,19,55,10,0,0,,,3,5,10,0,40,0.0,2,2,40.0,36.0,2.0,3.0,1.0,71.0
257,267,Good,60,146.0,6,116,6,3,1,55.0,6.0,3,5,11,1,55,,1,1,83.0,,1.0,1.0,1.0,75.0
258,268,Bad,75,23.0,6,15,2,0,0,,,6,6,2,1,50,0.0,0,0,17.0,100.0,1.0,1.0,0.0,100.0
259,269,Bad,79,196.0,5,97,28,0,0,,,6,5,29,2,48,0.0,0,0,40.0,,4.0,1.0,1.0,83.0
260,270,Bad,72,196.0,6,93,39,1,0,95.0,37.0,6,3,41,3,29,0.0,0,0,34.0,70.0,8.0,3.0,2.0,55.0
261,271,Good,86,243.0,5,87,16,0,0,,,4,2,16,4,44,0.0,1,1,9.0,100.0,2.0,2.0,0.0,57.0
262,272,Bad,82,266.0,10,81,28,0,0,,,6,6,28,1,29,0.0,1,1,12.0,,3.0,2.0,1.0,46.0
263,273,Good,67,233.0,12,66,13,1,0,87.0,10.0,7,8,15,0,67,0.0,1,1,33.0,81.0,3.0,2.0,1.0,83.0
264,274,Bad,62,175.0,2,46,18,0,0,95.0,0.0,4,6,20,2,75,0.0,2,2,57.0,81.0,3.0,5.0,1.0,89.0
265,275,Good,84,138.0,2,67,21,0,0,100.0,,7,8,22,3,55,0.0,2,2,15.0,78.0,3.0,3.0,0.0,86.0
266,276,Bad,57,140.0,13,67,8,4,4,80.0,26.0,7,8,10,0,50,3.0,1,1,93.0,71.0,1.0,2.0,1.0,100.0
267,277,Bad,74,502.0,25,191,13,1,0,93.0,25.0,0,2,14,0,0,,0,0,51.0,,3.0,2.5445665445665444,1.0,33.0
268,278,Bad,85,140.0,13,81,12,0,0,92.0,82.0,7,8,13,0,38,12.0,0,0,1.0,93.0,1.0,2.0,0.0,50.0
269,279,Bad,76,157.0,3,78,26,0,0,100.0,,7,8,27,2,56,2.0,4,4,26.0,83.0,5.0,3.0,2.0,89.0
270,280,Bad,74,270.0,11,105,10,0,0,80.0,20.758835758835758,6,5,10,1,90,0.0,0,0,35.83257918552036,,0.0,4.0,1.0866983372921615,80.0
271,282,Good,56,153.0,18,80,17,0,0,95.0,1.0,7,8,20,0,45,17.0,0,0,82.0,,2.0,1.0,2.0,75.0
272,283,Bad,67,235.0,5,39,11,0,0,91.0,6.0,7,8,30,3,27,,1,1,47.0,78.0,3.0,2.0,0.0,71.0
273,285,Bad,60,349.0,1,74,16,1,1,95.0,4.0,4,5,19,4,58,0.0,3,3,59.0,29.0,5.0,3.0,1.0,73.0
274,286,Bad,85,321.0,4,173,4,0,0,,,4,6,4,1,0,,0,0,45.0,,1.0,2.5445665445665444,0.0,50.0
275,287,Good,61,149.0,13,75,4,4,4,100.0,,7,8,8,0,50,0.0,0,0,35.83257918552036,89.0,3.9130925507900676,2.0,1.0866983372921615,100.0
276,288,Bad,81,223.0,6,83,63,0,0,,,6,4,63,3,16,0.0,1,0,15.0,89.0,2.0,3.0,1.0,40.0
277,290,Good,67,351.0,11,98,7,2,2,86.0,30.0,6,5,8,1,14,,0,0,59.0,,3.0,2.5445665445665444,1.0,60.0
278,291,Good,87,306.0,49,122,14,0,0,,,6,6,14,0,36,13.0,0,0,3.0,,2.0,2.5445665445665444,0.0,67.0
279,292,Good,70,117.0,12,56,11,0,0,100.0,,7,8,11,0,27,0.0,1,1,99.0,6.0,4.0,1.0,2.0,100.0
280,293,Good,79,199.1577142857143,7,104,20,0,0,95.0,27.0,6,6,20,2,55,,0,0,27.0,49.0,5.0,3.0,0.0,100.0
282,295,Bad,81,160.0,5,79,27,0,0,,,4,6,21,2,56,,0,0,46.0,26.0,3.0,3.0,1.0,67.0
283,296,Bad,60,63.0,7,31,5,1,1,83.0,25.0,4,6,6,1,33,0.0,2,2,91.0,83.0,2.0,2.0,1.0,100.0
285,298,Good,87,284.0,21,108,16,0,0,,,2,4,51,0,31,,0,0,4.0,38.0,1.0,1.0,0.0,43.0
286,300,Good,67,199.1577142857143,30,78,10,0,0,92.0,1.0,7,8,13,0,62,,1,1,73.0,42.0,2.0,2.0,1.0866983372921615,100.0
287,301,Bad,84,397.0,71,199,8,0,0,88.0,65.0,7,8,8,0,13,0.0,0,0,0.0,,0.0,2.5445665445665444,1.0866983372921615,50.0
288,302,Good,64,172.0,3,93,13,2,0,69.0,12.0,7,8,16,2,50,3.0,1,1,48.0,90.0,4.0,2.0,1.0,86.0
290,304,Bad,70,68.0,2,41,6,0,0,,,6,6,7,1,57,0.0,0,0,91.0,17.0,2.0,2.0,1.0,100.0
291,305,Good,68,435.0,12,138,26,3,1,90.0,13.0,7,8,30,0,33,8.0,0,0,16.0,31.0,3.0,3.0,1.0,43.0
292,306,Bad,63,232.0,2,103,14,2,2,88.0,21.0,7,8,17,1,6,1.0,4,4,11.0,,1.0,2.5445665445665444,0.0,17.0
293,307,Good,89,148.0,6,72,22,1,0,96.0,34.0,6,6,24,1,13,,0,0,0.0,,1.0,1.0,0.0,12.0
294,309,Good,65,23.0,4,15,9,0,0,,,6,2,9,3,67,1.0,3,2,84.0,76.0,2.0,6.0,2.0,89.0
295,310,Good,70,98.0,5,59,31,0,0,97.0,36.0,7,8,35,3,26,,5,5,19.0,95.0,4.0,2.0,1.0,50.0
296,311,Bad,86,257.0,20,117,29,0,0,,,6,2,29,0,45,,0,0,10.0,48.0,3.0,2.0,0.0,71.0
297,312,Good,69,361.0,8,96,26,1,0,89.0,1.0,7,8,28,1,29,,0,0,29.0,57.0,5.0,3.0,0.0,64.0
298,313,Good,71,227.0,12,116,15,2,1,78.0,48.0,7,8,18,0,28,0.0,2,2,83.0,,2.0,1.0,2.0,60.0
300,315,Bad,77,154.0,2,70,37,0,0,98.0,35.0,4,6,45,7,53,1.0,10,10,28.0,99.0,3.0,4.0,1.0,64.0
301,316,Good,68,177.0,2,70,32,0,0,97.0,16.0,6,6,46,2,60,1.0,2,2,85.0,,5.0,12.0,5.0,100.0
302,317,Bad,65,106.0,5,42,11,1,0,92.0,22.0,6,5,13,3,31,0.0,2,2,60.0,,4.0,1.0,1.0,83.0
303,318,Bad,64,165.0,1,52,9,2,2,82.0,28.0,6,6,12,1,18,0.0,2,2,9.0,100.0,2.0,1.0,0.0,50.0
304,319,Bad,65,125.0,7,65,12,3,1,65.0,8.0,7,8,18,1,35,0.0,5,4,22.0,,2.0,2.0,0.0,40.0
305,320,Good,55,316.0,8,119,22,1,0,78.0,1.0,6,5,23,1,26,,0,0,29.0,,4.0,2.0,1.0,50.0
306,321,Good,93,146.0,13,159,11,0,0,,,6,4,10,0,27,,0,0,0.0,,1.0,1.0,0.0,40.0
307,322,Good,80,113.0,5,48,13,0,0,86.0,26.0,6,5,14,2,14,4.0,1,1,0.0,,0.0,1.0,0.0,17.0
309,324,Bad,70,166.0,14,82,26,1,0,79.0,17.0,7,8,28,0,29,1.0,1,1,42.0,87.0,7.0,2.0,0.0,45.0
310,325,Good,82,297.0,38,130,11,0,0,,,6,6,11,0,18,0.0,0,0,32.0,,4.0,1.0,1.0,56.0
311,326,Good,86,232.0,1,75,21,0,0,,,6,7,23,2,17,0.0,2,2,1.0,51.0,2.0,2.0,0.0,29.0
312,327,Bad,80,177.0,1,64,33,0,0,,,4,5,35,5,34,1.0,4,3,19.0,44.0,3.0,3.0,1.0,75.0
313,328,Good,76,119.0,10,51,21,0,0,,,6,4,21,1,33,9.0,0,0,31.0,65.0,1.0,3.0,0.0,80.0
314,329,Bad,66,87.0,6,51,31,0,0,100.0,,0,8,31,4,32,,0,0,49.0,91.0,8.0,3.0,1.0,79.0
315,330,Good,74,119.0,11,39,4,0,0,,,6,6,4,1,75,0.0,0,0,64.0,75.0,1.0,2.0,0.0,100.0
316,331,Good,91,290.0,7,108,21,0,0,,,6,6,43,1,14,,0,0,3.0,,3.0,1.0,0.0,50.0
317,332,Bad,78,319.0,2,82,53,0,0,98.0,47.0,6,5,58,3,24,0.0,3,3,12.0,,3.0,4.0,0.0,58.0
318,333,Good,57,280.0,9,86,24,1,0,81.0,2.0,6,4,27,1,44,0.0,1,1,75.0,88.0,8.0,3.0,5.0,92.0
319,334,Bad,81,397.0,35,108,21,0,0,,,3,4,21,0,14,0.0,2,2,23.0,,13.0,2.5445665445665444,1.0,81.0
320,335,Good,85,143.0,1,71,12,0,0,,,4,5,13,3,23,1.0,1,1,12.0,100.0,2.0,2.0,0.0,50.0
321,336,Bad,68,134.0,3,45,28,1,0,94.0,50.0,7,8,31,7,45,0.0,3,3,23.0,94.0,4.0,3.0,1.0,58.0
322,337,Bad,65,96.0,15,33,11,0,0,,,6,6,12,0,9,,0,0,85.0,,6.0,1.0,3.0,100.0
323,338,Good,70,207.0,5,58,12,1,1,,,6,6,14,3,29,1.0,4,4,2.0,,1.0,1.0,0.0,29.0
324,339,Bad,71,199.1577142857143,16,161,6,1,0,86.0,23.0,6,5,0,0,29,,0,0,88.0,,2.0,1.0,1.0,100.0
325,340,Good,66,100.0,5,56,13,2,0,71.0,39.0,7,8,17,2,41,0.0,4,1,39.0,82.0,2.0,2.0,1.0,57.0
326,341,Good,66,198.0,1,103,18,2,2,83.0,10.0,7,8,11,2,39,0.0,1,1,0.0,59.0,0.0,3.0,0.0,50.0
327,342,Bad,65,259.0,39,121,8,1,1,67.0,5.0,5,7,9,0,11,0.0,1,1,34.0,,3.0,2.5445665445665444,1.0866983372921615,60.0
328,343,Bad,76,266.0,1,93,12,0,0,100.0,,7,8,13,6,62,0.0,3,3,86.0,85.0,3.0,3.0,1.0,100.0
329,344,Bad,64,175.0,4,63,27,0,0,,,5,7,27,5,30,0.0,0,0,63.0,86.0,10.0,3.0,4.0,81.0
330,345,Bad,74,344.0,9,86,13,1,1,93.0,14.0,7,8,14,1,57,,1,1,0.0,31.0,1.0,3.0,0.0,67.0
331,346,Good,82,169.0,9,64,27,0,0,100.0,,7,8,19,1,15,11.0,0,0,17.0,56.0,4.0,2.0,0.0,30.0
332,347,Good,81,69.0,6,19,6,0,0,,,6,6,3,4,33,4.0,2,1,3.0,,2.0,2.0,0.0,100.0
333,348,Bad,77,266.0,2,69,12,0,0,,,3,5,14,4,46,0.0,5,5,73.0,59.0,4.0,3.0,1.0,78.0
334,349,Bad,66,265.0,6,101,32,3,2,86.0,8.0,7,8,36,4,33,0.0,1,1,39.0,,7.0,1.0,1.0,89.0
335,350,Bad,91,303.0,4,101,11,0,0,100.0,,7,8,12,1,36,,0,0,1.0,97.0,2.0,2.0,0.0,57.0
336,351,Bad,83,339.0,12,87,11,0,0,,,6,5,12,0,45,21.0,0,0,58.0,43.0,3.0,2.0,1.0,83.0
337,352,Bad,64,139.0,18,68,20,5,2,56.0,14.0,7,8,25,0,28,0.0,0,0,0.0,68.0,0.0,2.0,0.0,18.0
338,353,Good,82,34.0,5,26,4,0,0,100.0,,6,8,4,1,50,5.0,0,0,0.0,95.0,0.0,2.0,0.0,50.0
339,354,Bad,75,279.0,5,79,16,0,0,,,6,5,16,3,19,22.0,0,0,61.0,,3.0,2.5445665445665444,3.0,60.0
340,355,Bad,70,196.0,2,56,25,0,0,,,6,5,27,4,30,0.0,3,3,34.0,79.0,4.0,4.0,1.0,47.0
341,356,Bad,65,321.0,6,114,27,1,1,82.0,17.0,4,2,28,3,32,0.0,0,0,66.0,,6.0,1.0,1.0,88.0
342,357,Bad,71,160.0,4,68,31,0,0,,,4,2,31,3,35,1.0,1,1,61.0,35.0,5.0,3.0,1.0,80.0
343,358,Bad,74,99.0,8,51,16,0,0,100.0,,7,8,16,1,56,0.0,0,0,15.0,,5.0,3.0,1.0,89.0
344,359,Bad,72,214.0,17,61,21,0,0,100.0,,7,8,21,0,33,0.0,0,0,66.0,66.0,7.0,2.0,2.0,64.0
345,360,Bad,77,272.0,9,121,20,0,0,,,6,2,20,1,25,0.0,0,0,42.0,88.0,8.0,2.0,1.0,77.0
346,361,Good,79,166.0,6,91,24,0,0,96.0,13.0,7,8,15,1,17,,0,0,24.0,,4.0,2.0,0.0,46.0
347,362,Good,63,329.0,2,148,27,4,3,85.0,44.0,7,8,33,4,33,2.0,5,5,37.0,71.0,7.0,2.0,1.0,82.0
348,363,Good,67,100.0,3,46,8,1,1,67.0,23.0,6,7,9,1,33,0.0,3,3,13.0,83.0,1.0,1.0,0.0,50.0
349,364,Bad,61,131.0,1,44,9,0,0,,,4,2,10,4,40,0.0,6,6,94.0,92.0,5.0,4.0,4.0,100.0
350,365,Good,54,199.1577142857143,9,99,10,8,5,59.0,1.0,7,8,17,1,29,,1,1,99.0,,2.0,1.0,1.0866983372921615,75.0
351,366,Good,66,293.0,2,67,13,0,0,93.0,20.758835758835758,7,8,14,3,36,0.0,3,3,90.0,97.0,3.0,3.0,2.0,100.0
352,367,Bad,60,286.0,3,81,20,0,0,90.0,2.0,6,3,21,4,70,1.0,2,2,55.0,72.0,4.0,8.0,1.0,100.0
353,368,Good,71,91.0,5,36,12,0,0,92.0,66.0,7,8,12,3,67,11.0,0,0,18.0,,2.0,2.0,0.0,80.0
354,369,Good,70,281.0,8,77,26,0,0,92.0,34.0,7,8,27,1,35,,0,0,55.0,28.0,5.0,2.0,3.0,58.0
355,370,Bad,84,204.0,8,72,16,0,0,100.0,,7,8,17,1,59,0.0,0,0,23.0,54.0,2.0,2.0,1.0866983372921615,67.0
356,371,Bad,80,148.0,3,103,16,0,0,,,5,3,16,1,75,3.0,1,1,47.0,51.0,1.0,6.0,1.0,88.0
357,372,Good,63,129.0,6,51,13,0,0,85.0,1.0,7,8,13,3,46,0.0,3,2,43.0,2.0,4.0,2.0,0.0,75.0
358,373,Bad,61,96.0,3,28,9,1,1,80.0,8.0,7,8,16,3,40,,0,0,26.0,99.0,3.0,2.0,1.0,63.0
359,375,Good,70,23.0,17,21,3,0,0,100.0,,7,8,4,0,67,,0,0,95.0,78.0,1.0,1.0,1.0866983372921615,100.0
360,376,Good,68,142.0,1,72,55,0,0,100.0,,6,8,67,8,45,1.0,2,2,58.0,81.0,9.0,4.0,5.0,59.0
361,377,Bad,80,198.0,19,94,16,0,0,,,6,6,16,0,25,0.0,0,0,25.0,,3.0,1.0,2.0,40.0
362,378,Good,55,25.0,5,14,9,0,0,,,6,4,9,5,56,0.0,1,1,97.0,93.0,3.0,2.0,2.0,100.0
363,380,Bad,70,88.0,3,45,38,0,0,97.0,8.0,6,2,38,3,13,3.0,2,2,15.0,45.0,1.0,1.0,0.0,10.0
364,381,Bad,60,199.0,9,53,23,0,0,74.0,2.0,7,8,23,1,17,0.0,1,1,36.0,88.0,11.0,3.0,1.0,70.0
365,382,Good,59,180.0,5,55,45,1,1,80.0,0.0,0,2,49,6,65,1.0,2,2,20.0,87.0,7.0,4.0,0.0,80.0
366,383,Bad,72,199.1577142857143,13,118,19,0,0,,,6,6,20,0,35,,7,7,50.0,,5.0,2.5445665445665444,1.0,100.0
367,384,Good,40,177.0,1,64,4,14,10,29.0,2.0,4,6,17,3,53,,8,8,106.0,97.0,1.0,2.0,1.0,100.0
368,385,Bad,70,84.0,1,46,16,0,0,94.0,,6,6,23,2,11,0.0,2,2,86.0,91.0,7.0,1.0,4.0,80.0
369,386,Good,81,244.0,3,128,54,0,0,98.0,20.758835758835758,6,6,56,3,41,0.0,4,4,25.0,97.0,6.0,3.0,0.0,90.0
370,387,Good,66,305.0,36,134,26,1,0,90.0,8.0,7,8,29,0,28,5.0,0,0,46.0,,6.0,2.0,3.0,62.0
371,388,Good,81,80.0,10,86,13,0,0,100.0,,7,8,19,3,31,,0,0,39.0,,5.0,1.0,0.0,100.0
372,389,Bad,61,185.0,5,85,34,0,0,94.0,7.0,4,6,15,2,26,15.0,0,0,57.0,83.0,16.0,2.0,3.0,95.0
373,390,Bad,76,182.0,0,89,41,0,0,,,4,2,44,3,27,0.0,3,3,40.0,100.0,5.0,4.0,3.0,50.0
375,392,Bad,62,80.0,2,47,24,0,0,96.0,59.0,7,8,25,1,48,0.0,0,0,73.0,113.0,5.0,5.0,2.0,91.0
376,393,Bad,76,78.0,3,70,23,0,0,100.0,,7,8,2,5,8,0.0,2,2,76.0,,5.0,2.5445665445665444,2.0,56.0
377,394,Good,63,173.0,4,37,18,0,0,94.0,31.0,7,8,18,4,22,,0,0,54.0,99.0,9.0,2.0,4.0,79.0
378,395,Bad,69,188.0,20,80,18,3,3,85.0,23.0,7,8,3,0,40,,5,5,16.0,,5.0,2.5445665445665444,0.0,83.0
380,398,Good,82,172.0,0,71,23,0,0,,,4,6,24,4,54,0.0,1,1,4.0,81.0,4.0,3.0,0.0,70.0
381,399,Bad,70,284.0,2,71,18,0,0,,,4,6,19,4,32,0.0,10,10,31.0,100.0,9.0,6.0,0.0,94.0
382,400,Bad,75,52.0,3,17,10,0,0,,,4,4,10,6,60,0.0,4,4,4.0,71.0,1.0,5.0,0.0,75.0
383,401,Good,66,210.0,5,74,31,1,1,97.0,20.758835758835758,7,8,34,3,67,0.0,1,1,30.0,90.0,3.0,2.0,0.0,56.0
384,402,Bad,67,137.0,1,54,15,0,0,82.0,38.0,0,2,17,1,24,0.0,3,2,47.0,,4.0,1.0,1.0,60.0
385,403,Bad,72,269.0,2,86,25,0,0,85.0,0.0,5,7,26,1,12,0.0,2,2,1.0,,3.0,1.0,0.0,29.0
386,404,Good,67,199.1577142857143,4,20,17,1,1,,,6,6,18,8,17,,1,1,10.0,89.0,2.0,2.0,1.0,29.0
387,405,Good,73,420.0,97,208,7,0,0,88.0,64.0,4,5,8,0,25,0.0,0,0,76.0,,3.0,2.5445665445665444,2.0,75.0
388,406,Good,59,116.0,10,70,3,1,1,75.0,11.0,7,8,4,1,100,0.0,1,1,35.83257918552036,77.0,3.9130925507900676,2.0,1.0866983372921615,100.0
389,407,Good,57,151.0,22,102,4,6,6,60.0,80.0,4,6,10,0,100,0.0,1,1,35.83257918552036,,3.9130925507900676,1.0,1.0866983372921615,100.0
390,409,Bad,65,199.1577142857143,3,101,19,0,0,90.0,5.0,7,8,21,3,43,15.0,0,0,59.0,,4.0,1.0,3.0,50.0
391,410,Bad,65,273.0,5,62,32,0,0,100.0,,7,8,51,4,59,,2,2,57.0,88.0,7.0,4.0,3.0,85.0
392,411,Bad,75,312.0,5,78,26,1,1,,,6,6,26,4,31,,4,4,10.0,36.0,3.0,2.0,0.0,56.0
393,412,Good,72,324.0,11,94,23,0,0,100.0,,7,8,23,1,35,8.0,1,1,43.0,64.0,3.0,4.0,1.0,64.0
394,413,Bad,81,154.0,21,73,13,0,0,,,6,6,13,0,23,0.0,0,0,46.0,,4.0,2.5445665445665444,0.0,67.0
395,414,Bad,57,257.0,7,81,11,5,3,40.0,7.0,6,2,15,1,40,0.0,1,1,11.0,,3.0,1.0,0.0,57.0
397,416,Bad,71,197.0,9,87,12,0,0,77.0,56.0,7,8,13,1,54,,0,0,92.0,83.0,2.0,3.0,1.0,83.0
398,417,Good,65,157.0,6,44,13,1,0,93.0,30.0,7,8,14,4,36,4.0,1,1,23.0,80.0,3.0,2.0,1.0866983372921615,67.0
399,418,Good,70,154.0,8,124,9,1,0,70.0,5.0,7,8,24,1,50,,1,1,9.0,,1.0,1.0,0.0,40.0
400,419,Bad,66,87.0,13,38,14,1,1,93.0,29.0,7,8,16,0,67,0.0,0,0,48.0,75.0,2.0,3.0,1.0,83.0
401,420,Bad,81,156.0,1,77,31,0,0,,,6,6,37,2,39,0.0,4,4,13.0,,1.0,2.0,0.0,33.0
402,421,Bad,70,88.0,16,48,12,0,0,,,6,6,12,0,8,0.0,1,1,79.0,89.0,7.0,1.0,2.0,89.0
403,422,Good,83,265.0,6,83,16,0,0,,,4,6,16,2,19,5.0,0,0,13.0,,1.0,1.0,0.0,22.0
404,423,Bad,64,223.0,3,77,21,0,0,100.0,,6,8,21,1,10,0.0,6,6,93.0,,6.0,1.0,3.0,100.0
405,424,Bad,64,285.0,4,134,20,1,1,,,6,6,4,1,30,0.0,6,6,5.0,,4.0,1.0,1.0,75.0
406,425,Bad,83,108.0,14,57,15,0,0,,,0,2,15,0,27,0.0,2,2,6.0,54.0,3.0,2.0,0.0,56.0
407,426,Good,77,149.0,3,69,18,0,0,94.0,7.0,6,2,18,2,72,10.0,0,0,13.0,82.0,1.0,4.0,0.0,71.0
409,428,Bad,54,324.0,3,79,22,6,5,70.0,3.0,4,6,37,2,37,,2,2,12.0,66.0,3.0,4.0,0.0,78.0
410,429,Good,66,115.0,7,109,35,0,0,100.0,,7,8,3,2,40,,1,1,82.0,67.0,4.0,4.0,3.0,90.0
411,430,Bad,84,241.0,4,93,17,0,0,95.0,28.0,7,8,40,3,53,,1,1,8.0,100.0,2.0,2.0,0.0,67.0
412,431,Good,65,390.0,8,90,10,3,2,71.0,27.0,7,8,14,1,29,0.0,4,4,43.0,,2.0,1.0,0.0,75.0
413,432,Bad,71,228.0,5,85,35,0,0,100.0,,7,8,40,3,40,,4,4,62.0,23.0,4.0,2.0,1.0,54.0
414,433,Bad,65,82.0,1,43,25,2,1,97.0,70.0,1,3,30,3,33,2.0,4,4,33.0,53.0,2.0,8.0,1.0,56.0
415,434,Bad,84,196.0,13,144,48,0,0,,,5,2,19,0,36,0.0,3,2,23.0,,4.0,1.0,1.0,56.0
416,435,Good,92,276.0,11,99,25,0,0,,,6,6,28,1,29,6.0,0,0,0.0,,1.0,1.0,0.0,33.0
417,436,Bad,68,113.0,4,46,13,0,0,,,6,5,14,3,50,6.0,0,0,54.0,,2.0,3.0,2.0,63.0
418,438,Bad,85,177.0,4,63,11,0,0,,,3,5,11,2,27,0.0,0,0,0.0,89.0,2.0,3.0,0.0,56.0
419,440,Bad,70,116.0,2,65,26,0,0,96.0,37.0,6,6,27,4,52,0.0,2,2,44.0,70.0,7.0,4.0,0.0,92.0
420,441,Good,87,266.0,15,137,24,0,0,100.0,,7,8,3,0,40,21.0,0,0,4.0,,4.0,2.0,0.0,46.0
421,443,Good,60,252.0,17,78,17,1,1,100.0,,7,8,20,0,50,,1,1,85.0,67.0,3.0,3.0,3.0,86.0
422,444,Good,56,167.0,7,75,31,0,0,88.0,2.0,7,8,33,1,42,0.0,1,1,74.0,62.0,11.0,2.0,2.0,93.0
423,445,Good,71,404.0,4,130,26,1,0,81.0,3.0,7,8,27,1,15,0.0,0,0,19.0,49.0,5.0,2.0,1.0,44.0
424,446,Good,76,157.0,15,93,10,2,1,91.0,40.0,0,8,11,0,18,,0,0,0.0,,0.0,2.5445665445665444,0.0,0.0
425,447,Good,88,170.0,3,87,14,0,0,100.0,,7,8,15,1,29,2.0,1,1,1.0,97.0,1.0,2.0,0.0,67.0
426,448,Good,62,137.0,23,90,13,0,0,71.0,7.0,4,6,14,0,7,0.0,1,1,44.0,,4.0,2.5445665445665444,3.0,67.0
427,450,Bad,89,148.0,15,79,11,0,0,100.0,,7,8,12,0,33,0.0,0,0,2.0,,3.0,1.0,0.0,80.0
428,451,Bad,47,150.0,15,78,21,4,2,75.0,2.0,0,2,28,0,57,0.0,1,1,77.0,,5.0,1.0,2.0,86.0
429,452,Good,67,125.0,6,57,19,2,0,81.0,12.0,7,8,22,4,19,23.0,1,0,16.0,48.0,3.0,3.0,0.0,55.0
430,453,Bad,82,241.0,2,93,21,0,0,,,6,6,22,1,32,1.0,1,1,12.0,98.0,3.0,2.0,1.0,56.0
431,454,Good,56,349.0,2,83,35,0,0,89.0,21.0,6,2,38,7,39,0.0,3,3,74.0,83.0,11.0,5.0,6.0,85.0
432,455,Bad,79,192.0,20,122,4,0,0,100.0,,7,8,5,0,20,0.0,3,3,40.0,53.0,1.0,1.0,1.0,75.0
433,456,Bad,88,199.1577142857143,10,98,23,0,0,,,6,5,38,1,29,,2,2,1.0,35.0,6.0,2.0,0.0,73.0
434,457,Good,80,250.0,1,76,10,0,0,92.0,20.758835758835758,7,8,12,1,33,0.0,2,2,4.0,7.0,3.0,3.0,1.0,75.0
435,458,Good,76,111.0,15,63,9,0,0,100.0,,7,8,9,0,56,,0,0,92.0,82.0,2.0,2.0,2.0,100.0
436,459,Bad,58,149.0,4,64,30,0,0,93.0,34.0,7,8,30,3,37,0.0,3,3,90.0,77.0,7.0,8.0,4.0,83.0
438,461,Good,60,92.0,16,58,19,4,3,78.0,5.0,7,8,23,0,57,,2,2,51.0,,2.0,1.0,0.0,60.0
440,463,Bad,60,59.0,3,31,14,0,0,93.0,20.758835758835758,6,6,14,4,36,0.0,5,4,57.0,48.0,8.0,4.0,1.0,100.0
441,464,Good,62,265.0,11,90,33,0,0,88.0,4.0,7,8,33,1,33,,0,0,35.0,48.0,6.0,5.0,1.0,50.0
443,466,Good,74,199.1577142857143,4,100,8,1,1,88.0,30.0,7,8,0,1,13,4.0,1,1,2.0,,1.0,1.0,0.0,43.0
444,467,Bad,72,189.0,2,70,19,0,0,,,4,6,22,2,41,,3,3,92.0,,6.0,1.0,4.0,78.0
445,468,Bad,83,104.0,15,54,22,0,0,,,4,5,22,0,45,0.0,0,0,57.0,52.0,2.0,3.0,0.0,56.0
446,469,Good,61,215.0,14,120,16,0,0,89.0,4.0,6,5,18,0,39,0.0,2,2,45.0,,5.0,1.0,2.0,67.0
447,470,Good,85,317.0,21,97,15,0,0,100.0,,7,8,31,0,27,,1,1,5.0,,3.0,2.5445665445665444,1.0,60.0
448,471,Bad,80,88.0,8,48,16,0,0,,,4,6,16,2,25,,0,0,3.0,,2.0,1.0,0.0,38.0
450,475,Good,70,214.0,1,74,41,0,0,98.0,41.0,7,8,42,3,21,1.0,1,1,69.0,,15.0,3.0,3.0,95.0
451,476,Bad,92,199.1577142857143,37,103,19,0,0,,,3,2,0,0,26,0.0,1,1,0.0,,0.0,2.5445665445665444,0.0,0.0
452,477,Good,77,128.0,5,67,35,0,0,,,6,5,36,2,17,0.0,1,1,24.0,100.0,2.0,2.0,1.0,29.0
453,478,Good,59,213.0,24,90,13,0,0,85.0,5.0,7,8,14,0,54,1.0,10,10,104.0,,2.0,1.0,2.0,100.0
454,479,Bad,67,234.0,3,96,43,0,0,,,6,6,43,3,12,0.0,1,1,79.0,24.0,23.0,4.0,11.0,87.0
455,480,Bad,56,125.0,4,47,10,0,0,83.0,3.0,7,8,12,1,17,0.0,1,1,85.0,,4.0,1.0,4.0,71.0
456,482,Bad,70,150.0,26,165,31,0,0,95.0,1.0,7,8,10,0,37,1.0,3,3,7.0,,4.0,2.0,0.0,46.0
457,483,Bad,66,134.0,4,44,13,2,2,93.0,54.0,6,6,15,1,53,0.0,1,1,92.0,60.0,4.0,6.0,1.0,91.0
458,484,Good,70,148.0,2,79,18,0,0,90.0,26.0,7,8,21,1,38,,3,2,38.0,100.0,2.0,2.0,2.0,63.0
459,485,Bad,87,228.0,3,68,31,0,0,,,6,6,31,3,29,0.0,3,3,0.0,98.0,1.0,2.0,0.0,33.0
460,486,Bad,86,372.0,14,119,23,0,0,96.0,49.0,6,5,7,0,26,,0,0,8.0,,2.0,1.0,0.0,50.0
461,487,Bad,65,143.0,7,85,13,0,0,93.0,11.0,3,2,14,2,43,0.0,0,0,73.0,76.0,3.0,3.0,2.0,100.0
462,488,Good,88,211.0,20,103,13,0,0,,,6,6,14,0,57,,0,0,0.0,19.0,2.0,3.0,0.0,71.0
463,489,Bad,91,390.0,22,194,25,0,0,,,6,6,25,0,24,,0,0,5.0,,4.0,2.0,0.0,86.0
464,490,Good,68,298.0,4,86,19,4,4,89.0,53.0,4,6,22,2,47,5.0,1,1,6.0,85.0,2.0,3.0,0.0,63.0
465,491,Bad,84,106.0,11,64,22,0,0,,,4,6,23,1,26,0.0,1,1,0.0,,0.0,2.5445665445665444,0.0,0.0
466,492,Good,50,144.0,7,74,36,3,2,86.0,1.0,6,6,42,1,52,0.0,0,0,92.0,45.0,7.0,4.0,2.0,92.0
467,494,Good,68,180.0,7,72,24,0,0,92.0,35.0,7,8,35,1,56,3.0,1,1,48.0,43.0,3.0,3.0,1.0,86.0
468,495,Bad,80,261.0,8,104,22,0,0,100.0,,7,8,22,1,59,,1,1,39.0,76.0,3.0,2.0,1.0,71.0
469,496,Bad,86,237.0,17,88,13,0,0,,,4,6,14,0,43,,0,0,6.0,,2.0,2.0,0.0,80.0
470,497,Good,47,204.0,16,100,25,2,2,89.0,1.0,7,8,28,0,21,,1,0,76.0,,9.0,1.0,3.0,85.0
471,498,Good,68,377.0,10,81,16,1,0,90.0,58.0,7,8,21,3,29,0.0,2,1,54.0,35.0,8.0,2.0,1.0,85.0
472,499,Bad,79,121.0,44,72,11,0,0,91.0,30.0,4,6,11,0,55,,0,0,11.0,,1.0,1.0,0.0,67.0
475,502,Bad,76,188.0,7,56,24,0,0,,,6,6,24,1,42,13.0,0,0,47.0,,5.0,1.0,1.0,55.0
476,503,Good,64,162.0,5,73,4,3,3,67.0,54.0,7,8,7,1,33,0.0,1,1,57.0,,2.0,1.0,0.0,100.0
477,504,Bad,69,208.0,5,61,48,1,1,98.0,36.0,7,8,53,6,26,0.0,3,3,78.0,93.0,8.0,4.0,3.0,75.0
478,505,Good,60,159.0,6,69,15,0,0,73.0,2.0,4,6,22,1,33,13.0,0,0,62.0,42.0,4.0,3.0,2.0,88.0
479,506,Bad,87,122.0,2,121,12,0,0,100.0,,7,8,3,3,31,2.0,2,2,6.0,,3.0,1.0,0.0,50.0
480,507,Bad,65,116.0,3,39,22,0,0,95.0,15.0,4,6,22,3,32,0.0,1,1,50.0,47.0,5.0,4.0,1.0,69.0
482,510,Good,77,147.0,3,72,29,0,0,93.0,52.0,4,6,30,3,37,0.0,2,2,31.0,74.0,3.0,4.0,0.0,70.0
483,511,Bad,58,223.0,3,106,24,2,2,89.0,0.0,6,3,27,5,37,0.0,1,1,31.0,93.0,4.0,4.0,0.0,67.0
484,512,Bad,71,410.0,4,53,19,0,0,84.0,22.0,6,6,23,2,42,,2,2,40.0,38.0,4.0,4.0,0.0,75.0
485,513,Good,74,274.0,2,66,23,0,0,100.0,,7,8,28,4,39,0.0,2,2,18.0,65.0,3.0,5.0,1.0,67.0
486,514,Good,65,206.0,5,68,30,0,0,97.0,6.0,6,6,68,1,39,1.0,1,1,63.0,73.0,6.0,3.0,1.0,100.0
487,515,Bad,73,347.0,6,140,32,0,0,,,4,6,32,1,9,,0,0,41.0,,15.0,1.0,6.0,74.0
488,516,Good,88,74.0,2,120,23,0,0,100.0,,7,8,13,2,25,3.0,1,1,2.0,61.0,3.0,1.0,0.0,56.0
489,517,Good,81,206.0,1,103,30,0,0,100.0,,7,8,34,4,52,5.0,0,0,16.0,93.0,4.0,7.0,1.0,61.0
490,518,Good,75,160.0,17,39,10,0,0,,,6,6,8,0,36,,0,0,62.0,56.0,3.0,2.0,1.0,100.0
491,519,Bad,58,107.0,16,45,13,1,1,79.0,3.0,7,8,13,0,21,,1,1,42.0,55.0,4.0,2.0,0.0,55.0
492,520,Bad,77,90.0,10,41,3,0,0,,,0,2,3,1,67,0.0,0,0,26.0,83.0,1.0,2.0,0.0,100.0
494,523,Bad,76,125.0,1,84,39,0,0,,,6,6,9,8,20,0.0,5,5,10.0,100.0,8.0,3.0,1.0,44.0
495,524,Good,86,191.0,3,77,38,0,0,100.0,,7,8,40,3,58,5.0,0,0,6.0,,4.0,2.0,1.0,55.0
496,525,Good,83,154.0,4,57,13,0,0,93.0,20.758835758835758,7,8,14,1,43,0.0,0,0,4.0,80.0,1.0,4.0,1.0,45.0
497,526,Bad,64,56.0,40,47,2,2,0,50.0,20.0,0,6,4,0,50,0.0,0,0,35.83257918552036,23.0,3.9130925507900676,2.0,1.0866983372921615,100.0
498,527,Bad,80,216.0,6,84,33,0,0,,,6,5,33,2,27,0.0,4,4,2.0,140.0,3.0,1.0,0.0,57.0
499,528,Good,71,155.0,1,71,24,0,0,,,6,6,25,3,32,3.0,3,3,54.0,,3.0,1.0,1.0,100.0
500,529,Good,69,194.0,4,63,41,0,0,95.0,15.0,7,8,41,5,29,0.0,2,2,0.0,99.0,3.0,4.0,0.0,35.0
501,530,Good,76,98.0,9,58,15,0,0,69.0,6.0,7,8,16,1,44,0.0,1,1,2.0,,2.0,3.0,1.0,75.0
502,531,Good,79,147.0,5,50,34,0,0,100.0,,7,8,34,7,15,0.0,1,1,1.0,44.0,2.0,2.0,0.0,18.0
503,532,Good,68,385.0,21,83,20,1,1,95.0,12.0,6,2,22,0,36,10.0,0,0,56.0,,6.0,2.0,2.0,80.0
504,533,Bad,83,159.0,10,66,23,0,0,96.0,32.0,6,3,25,3,32,10.0,0,0,7.0,,2.0,2.0,0.0,80.0
505,534,Bad,77,414.0,9,109,15,1,1,94.0,30.0,4,6,16,1,19,4.0,1,1,9.0,,2.0,2.5445665445665444,0.0,29.0
506,535,Good,55,234.0,13,83,20,1,0,70.0,1.0,7,8,24,0,22,4.0,3,3,46.0,24.0,8.0,3.0,2.0,72.0
507,536,Bad,74,170.0,2,10,3,0,0,,,6,6,24,3,25,0.0,3,3,2.0,,2.0,1.0,0.0,75.0
509,538,Good,73,164.0,17,87,20,1,0,91.0,23.0,4,6,22,0,50,,2,2,35.0,,2.0,1.0,0.0,43.0
510,539,Good,89,379.0,156,257,3,0,0,,,6,6,3,0,33,,0,0,0.0,,0.0,2.5445665445665444,1.0866983372921615,0.0
511,540,Bad,63,110.0,4,38,4,0,0,80.0,15.0,4,3,5,2,60,0.0,3,3,63.0,87.0,1.0,2.0,0.0,100.0
512,541,Good,57,35.0,7,16,10,0,0,,,6,6,10,4,30,0.0,2,2,81.0,85.0,6.0,2.0,2.0,89.0
513,542,Bad,76,270.0,5,97,19,3,3,95.0,62.0,6,8,5,1,35,5.0,0,0,2.0,70.0,4.0,3.0,0.0,58.0
514,543,Bad,77,213.0,4,96,45,0,0,96.0,33.0,4,6,47,3,23,0.0,2,2,11.0,,4.0,2.5445665445665444,0.0,31.0
515,545,Good,54,40.0,6,23,7,0,0,86.0,14.0,7,8,7,1,57,0.0,2,2,89.0,74.0,3.0,3.0,1.0866983372921615,100.0
516,546,Good,83,158.0,4,80,34,0,0,100.0,,7,8,10,3,21,11.0,0,0,3.0,,5.0,3.0,0.0,35.0
517,547,Good,54,87.0,2,22,33,0,0,,,6,7,34,11,24,,5,5,38.0,90.0,17.0,2.0,2.0,79.0
518,548,Good,70,105.0,5,38,12,1,1,100.0,,7,8,13,1,17,0.0,1,1,21.0,,3.0,1.0,0.0,57.0
519,549,Bad,75,140.0,7,56,21,0,0,,,4,2,22,1,27,0.0,1,1,20.0,63.0,3.0,2.0,1.0,56.0
520,550,Good,83,157.0,4,94,19,0,0,100.0,,7,8,19,1,32,22.0,0,0,20.0,,2.0,1.0,1.0,50.0
522,552,Good,73,123.0,9,68,41,2,2,95.0,59.0,7,8,43,1,56,0.0,1,1,37.0,115.0,4.0,19.0,1.0,77.0
523,553,Good,57,92.0,29,65,5,2,2,67.0,27.0,7,8,7,0,50,0.0,1,1,28.0,,2.0,1.0,1.0866983372921615,75.0
524,554,Good,71,84.0,0,38,21,0,0,96.0,28.0,7,8,25,3,16,9.0,0,0,35.0,84.0,4.0,3.0,2.0,67.0
525,555,Good,70,261.0,2,29,30,1,1,,,6,6,31,8,42,2.0,1,1,6.0,98.0,3.0,3.0,0.0,40.0
526,556,Bad,61,232.0,6,77,9,1,0,64.0,15.0,6,5,11,4,36,4.0,1,1,76.0,,2.0,1.0,1.0,60.0
527,557,Good,65,53.0,4,27,16,0,0,100.0,,7,8,16,5,44,0.0,2,2,73.0,79.0,5.0,4.0,2.0,100.0
528,558,Good,77,140.0,2,73,15,0,0,88.0,12.0,7,8,17,2,53,0.0,1,1,17.0,64.0,2.0,4.0,1.0866983372921615,67.0
529,559,Good,81,170.0,2,65,23,0,0,92.0,64.0,6,6,24,1,33,0.0,0,0,11.0,,2.0,2.0,0.0,33.0
530,560,Bad,74,158.0,2,58,36,1,1,97.0,20.758835758835758,4,6,40,5,45,0.0,0,0,0.0,92.0,1.0,3.0,1.0866983372921615,57.0
531,561,Good,65,385.0,4,101,36,0,0,84.0,4.0,7,8,39,3,21,0.0,0,0,16.0,85.0,9.0,2.0,1.0,52.0
532,562,Good,90,324.0,4,110,13,0,0,,,6,3,13,1,54,0.0,1,1,8.0,41.0,2.0,3.0,0.0,83.0
533,563,Good,66,290.0,6,118,40,1,0,86.0,21.0,6,6,42,2,31,5.0,0,0,79.0,76.0,11.0,2.0,5.0,82.0
534,564,Good,86,289.0,18,91,38,0,0,,,6,2,38,0,13,0.0,0,0,7.0,16.0,6.0,3.0,1.0,41.0
535,565,Bad,60,255.0,2,99,9,1,0,50.0,4.0,3,5,14,1,43,0.0,1,1,64.0,56.0,4.0,4.0,2.0,80.0
536,566,Good,69,51.0,13,27,4,0,0,100.0,,7,8,4,0,75,0.0,0,0,97.0,,1.0,1.0,1.0866983372921615,100.0
537,567,Good,74,219.0,3,90,42,0,0,96.0,6.0,7,8,49,3,33,1.0,6,5,19.0,59.0,4.0,4.0,0.0,75.0
538,568,Good,68,334.0,3,98,24,0,0,,,6,5,42,1,21,2.0,2,2,88.0,,5.0,2.0,3.0,88.0
539,569,Good,75,385.0,5,80,52,1,0,98.0,23.0,7,8,56,2,41,5.0,1,1,15.0,67.0,9.0,3.0,0.0,54.0
540,570,Bad,74,236.0,30,93,17,0,0,94.0,74.0,6,6,18,0,29,0.0,1,1,47.0,18.0,2.0,2.0,1.0,50.0
541,571,Bad,84,283.0,12,95,13,0,0,100.0,,7,8,15,0,43,1.0,3,3,8.0,53.0,1.0,2.0,0.0,43.0
542,572,Good,59,207.0,12,56,15,0,0,81.0,4.0,6,2,16,0,69,0.0,1,1,32.0,79.0,2.0,2.0,1.0,80.0
543,575,Good,81,209.0,12,78,21,0,0,,,6,6,7,0,18,5.0,1,1,12.0,40.0,6.0,2.0,1.0,62.0
545,577,Bad,88,206.0,3,81,31,0,0,,,6,6,33,3,67,0.0,1,1,26.0,88.0,2.0,6.0,0.0,89.0
546,578,Good,66,290.0,11,136,20,0,0,96.0,9.0,7,8,23,1,43,0.0,2,2,51.0,65.0,5.0,3.0,2.0,90.0
547,579,Bad,55,174.0,19,86,9,1,0,70.0,2.0,7,8,10,0,20,0.0,0,0,50.0,75.0,3.0,1.0,3.0,57.0
548,580,Bad,65,96.0,20,88,16,1,1,82.0,5.0,7,8,8,0,29,,0,0,50.0,12.0,4.0,2.0,1.0,64.0
549,581,Good,77,54.0,12,32,3,0,0,100.0,,7,8,4,0,33,,2,1,25.0,,2.0,2.5445665445665444,0.0,100.0
550,582,Good,56,255.0,4,101,27,0,0,76.0,1.0,7,8,29,2,45,0.0,2,2,78.0,45.0,7.0,2.0,4.0,75.0
551,583,Bad,76,174.0,12,77,45,0,0,98.0,,4,5,48,0,40,0.0,6,6,19.0,83.0,2.0,3.0,1.0,38.0
552,584,Good,66,139.0,11,80,7,0,0,,,6,4,8,1,25,0.0,0,0,86.0,,2.0,1.0,2.0,100.0
553,585,Bad,74,206.0,5,88,47,0,0,98.0,20.758835758835758,6,4,49,2,22,23.0,0,0,39.0,69.0,6.0,3.0,2.0,45.0
554,586,Bad,72,186.0,4,83,22,1,1,80.0,12.0,6,6,26,1,16,4.0,1,1,68.0,27.0,4.0,2.0,2.0,50.0
555,587,Bad,75,278.0,3,93,17,0,0,100.0,,6,8,17,4,47,2.0,2,2,43.0,,3.0,2.5445665445665444,1.0,100.0
556,588,Bad,50,118.0,18,75,3,3,3,43.0,14.0,6,5,7,0,29,0.0,5,5,154.0,69.0,1.0,1.0,1.0,100.0
557,590,Bad,58,122.0,4,55,38,1,1,98.0,2.0,7,8,41,5,44,0.0,3,3,4.0,94.0,3.0,3.0,0.0,46.0
558,591,Bad,69,141.0,4,49,27,0,0,,,6,6,28,2,33,,0,0,24.0,56.0,6.0,3.0,1.0,64.0
559,592,Good,77,273.0,3,98,26,0,0,96.0,6.0,6,6,28,1,39,,0,0,11.0,,2.0,1.0,2.0,33.0
560,593,Good,77,130.0,5,66,22,2,0,92.0,31.0,6,6,32,3,29,,3,3,8.0,100.0,1.0,3.0,0.0,71.0
561,594,Bad,74,155.0,9,89,43,0,0,,,4,6,10,3,14,9.0,1,1,59.0,43.0,7.0,3.0,2.0,63.0
562,595,Bad,59,168.0,3,38,21,0,0,100.0,,7,8,21,12,38,0.0,1,1,85.0,90.0,10.0,5.0,4.0,94.0
563,596,Good,59,174.0,3,62,44,0,0,,,5,5,38,5,20,,3,3,71.0,,13.0,2.0,6.0,75.0
564,597,Good,69,74.0,72,73,2,1,1,100.0,,7,8,2,0,100,0.0,0,0,35.83257918552036,4.0,3.9130925507900676,1.0,1.0866983372921615,100.0
565,598,Bad,65,369.0,25,145,40,3,3,91.0,19.0,4,5,45,0,36,0.0,2,2,83.0,46.0,13.0,4.0,6.0,89.0
566,599,Bad,86,340.0,4,71,27,0,0,100.0,,7,8,35,2,19,4.0,1,1,14.0,83.0,8.0,1.0,0.0,75.0
567,600,Bad,68,178.0,3,85,21,0,0,,,4,6,22,3,43,2.0,7,7,66.0,3.0,3.0,3.0,1.0,100.0
568,601,Bad,79,163.0,4,67,33,0,0,97.0,41.0,7,8,33,1,18,4.0,1,1,16.0,,3.0,1.0,0.0,40.0
569,602,Good,76,129.0,11,52,10,0,0,,,6,5,10,1,60,0.0,1,1,6.0,95.0,2.0,3.0,1.0866983372921615,83.0
570,603,Bad,69,191.0,2,70,28,0,0,86.0,42.0,6,6,29,2,21,13.0,0,0,41.0,87.0,10.0,2.0,1.0,67.0
571,604,Good,61,283.0,6,71,46,0,0,96.0,1.0,7,8,47,2,23,0.0,2,2,30.0,,4.0,1.0,2.0,36.0
572,605,Bad,69,402.0,26,139,15,0,0,93.0,4.0,4,6,15,0,53,0.0,2,2,46.0,68.0,5.0,2.0,0.0,100.0
575,608,Good,70,122.0,1,64,26,1,1,97.0,3.0,7,8,12,3,30,9.0,0,0,20.0,100.0,3.0,2.0,0.0,38.0
576,609,Bad,67,140.0,12,80,11,0,0,73.0,17.0,6,6,11,0,55,12.0,0,0,87.0,,4.0,1.0,3.0,100.0
577,610,Good,80,51.0,30,41,9,0,0,100.0,,7,8,9,0,33,8.0,0,0,18.0,,2.0,1.0,1.0,60.0
578,611,Bad,77,464.0,31,138,16,1,1,94.0,50.0,4,6,16,0,31,,0,0,11.0,,3.0,2.0,0.0,71.0
579,612,Bad,70,132.0,2,68,40,0,0,98.0,32.0,3,5,30,6,19,1.0,5,5,32.0,,5.0,2.0,1.0,41.0
580,613,Bad,62,251.0,19,92,41,1,1,98.0,10.0,0,2,53,0,15,0.0,3,3,83.0,,17.0,1.0,11.0,72.0
581,614,Bad,43,137.0,2,46,5,5,3,55.0,3.0,7,8,11,3,55,0.0,3,3,94.0,88.0,2.0,2.0,2.0,80.0
582,615,Bad,77,177.0,12,75,7,1,1,89.0,19.0,4,6,9,0,22,,2,2,1.0,,1.0,2.5445665445665444,0.0,25.0
583,616,Good,81,162.0,23,89,26,0,0,,,6,7,26,0,31,3.0,1,1,11.0,58.0,1.0,2.0,0.0,33.0
584,617,Bad,81,194.0,11,91,17,0,0,100.0,,7,8,17,1,41,3.0,2,2,79.0,50.0,1.0,1.0,1.0,100.0
585,618,Good,89,199.0,11,81,15,0,0,,,6,6,15,2,40,,0,0,6.0,,3.0,1.0,0.0,57.0
586,619,Good,79,224.0,2,83,15,1,0,83.0,12.0,6,3,18,1,11,,0,0,0.0,,1.0,1.0,0.0,25.0
587,620,Bad,86,199.1577142857143,4,113,23,0,0,100.0,,7,8,0,2,35,1.0,3,3,29.0,85.0,4.0,3.0,0.0,88.0
588,621,Bad,66,432.0,4,132,23,1,1,92.0,1.0,6,2,26,1,19,17.0,0,0,1.0,94.0,7.0,1.0,0.0,73.0
590,623,Good,58,71.0,8,36,9,0,0,78.0,2.0,1,3,9,1,67,0.0,3,3,93.0,82.0,1.0,2.0,1.0,100.0
591,624,Good,62,233.0,7,72,8,1,0,78.0,47.0,7,8,9,2,44,0.0,0,0,95.0,85.0,3.0,2.0,3.0,100.0
592,625,Good,80,263.0,3,79,30,0,0,,,4,6,30,2,43,1.0,3,3,9.0,90.0,3.0,2.0,1.0,38.0
593,626,Good,83,150.0,9,64,27,0,0,,,6,5,28,1,32,0.0,2,2,13.0,2.0,2.0,2.0,0.0,40.0
594,627,Good,74,273.0,5,73,39,0,0,98.0,5.0,7,8,40,3,43,0.0,1,0,3.0,138.0,2.0,7.0,0.0,45.0
595,628,Bad,69,51.0,4,20,6,2,2,86.0,54.0,7,8,9,3,43,0.0,3,3,48.0,71.0,3.0,2.0,0.0,100.0
596,629,Bad,91,240.0,22,118,8,0,0,100.0,,7,8,8,0,0,0.0,0,0,5.0,,3.0,2.5445665445665444,0.0,50.0
597,630,Bad,67,130.0,5,25,10,0,0,100.0,,6,8,12,4,25,0.0,0,0,95.0,90.0,6.0,2.0,2.0,89.0
598,631,Bad,66,133.0,6,77,23,0,0,,,6,2,26,2,42,0.0,3,3,105.0,94.0,6.0,2.0,6.0,100.0
599,632,Good,75,181.0,14,63,38,0,0,100.0,,7,8,39,0,28,,0,0,35.0,83.0,4.0,3.0,2.0,50.0
600,633,Bad,62,282.0,13,99,24,4,3,70.0,18.0,7,8,31,0,26,0.0,0,0,29.0,,4.0,1.0,1.0,45.0
601,634,Good,67,246.0,2,58,17,1,1,95.0,43.0,6,6,19,7,37,1.0,2,2,60.0,95.0,5.0,3.0,1.0,73.0
602,635,Bad,68,132.0,9,65,34,0,0,100.0,,7,8,36,2,38,6.0,0,0,50.0,88.0,6.0,2.0,4.0,62.0
603,636,Good,70,193.0,2,57,22,0,0,,,6,6,23,2,22,18.0,0,0,53.0,80.0,6.0,4.0,1.0,63.0
604,637,Bad,79,97.0,9,44,26,0,0,96.0,60.0,4,6,26,1,12,5.0,0,0,5.0,,5.0,1.0,0.0,33.0
605,638,Good,78,299.0,3,102,26,0,0,90.0,14.0,4,6,31,1,35,0.0,0,0,7.0,38.0,2.0,2.0,0.0,45.0
606,639,Bad,68,186.0,1,82,22,0,0,96.0,49.0,4,6,24,5,29,,4,4,55.0,93.0,8.0,5.0,2.0,81.0
607,640,Good,80,266.0,7,98,15,0,0,100.0,,7,8,17,1,35,2.0,1,1,46.0,,1.0,1.0,1.0,40.0
608,641,Good,63,212.0,3,62,16,2,0,72.0,12.0,0,2,20,1,44,,2,2,66.0,89.0,3.0,5.0,2.0,73.0
609,642,Bad,78,41.0,3,16,3,0,0,,,5,6,3,2,67,,16,16,0.0,,0.0,1.0,1.0866983372921615,50.0
610,643,Good,71,154.0,1,62,7,0,0,90.0,1.0,7,8,27,2,40,,3,2,14.0,,3.0,1.0,0.0,80.0
611,644,Good,80,187.0,4,71,39,0,0,,,6,6,26,1,15,,1,1,4.0,77.0,8.0,2.0,0.0,48.0
612,645,Good,58,212.0,15,44,8,2,2,,,6,6,4,0,63,,2,2,60.0,61.0,3.0,3.0,1.0,100.0
613,646,Bad,78,281.0,1,98,44,0,0,,,0,6,48,4,31,0.0,1,1,24.0,19.0,7.0,1.0,2.0,50.0
614,647,Good,65,265.0,11,64,16,0,0,88.0,37.0,3,2,17,1,24,0.0,1,1,76.0,,8.0,1.0,2.0,100.0
615,648,Good,77,192.0,5,83,22,0,0,96.0,50.0,6,6,23,1,39,0.0,2,2,29.0,37.0,4.0,3.0,1.0,54.0
616,649,Good,65,172.0,4,68,28,1,0,66.0,22.0,7,8,29,2,28,0.0,3,3,45.0,80.0,8.0,2.0,1.0,71.0
617,650,Good,70,373.0,4,101,23,0,0,96.0,7.0,7,8,25,4,52,0.0,5,5,49.0,100.0,2.0,1.0,0.0,75.0
618,651,Good,67,212.0,4,79,18,0,0,100.0,,7,8,18,5,22,0.0,3,3,81.0,30.0,7.0,1.0,5.0,82.0
619,652,Good,61,203.0,10,57,3,0,0,80.0,12.0,6,5,5,1,0,,0,0,104.0,,3.0,2.5445665445665444,1.0,100.0
620,653,Good,73,222.0,4,96,22,1,1,83.0,34.0,7,8,23,1,30,1.0,2,2,5.0,92.0,1.0,2.0,0.0,43.0
621,654,Good,64,130.0,1,33,13,0,0,,,2,4,14,6,0,4.0,1,1,64.0,,7.0,2.5445665445665444,3.0,78.0
622,655,Good,66,344.0,4,102,16,1,1,79.0,45.0,7,8,19,3,26,4.0,1,1,54.0,45.0,4.0,2.0,1.0,70.0
623,656,Bad,80,132.0,3,51,13,0,0,92.0,20.758835758835758,4,6,13,1,46,1.0,4,4,2.0,77.0,1.0,3.0,0.0,100.0
624,657,Bad,69,180.0,2,99,27,0,0,,,6,5,19,1,20,2.0,3,3,81.0,,5.0,1.0,3.0,78.0
625,658,Bad,89,441.0,75,194,12,0,0,100.0,,7,8,13,0,25,9.0,0,0,5.0,,2.0,1.0,0.0,43.0
626,659,Good,61,82.0,2,44,24,0,0,100.0,,7,8,27,1,12,0.0,10,10,82.0,60.0,6.0,2.0,5.0,73.0
627,660,Bad,57,164.0,7,62,16,1,1,72.0,2.0,4,6,19,2,47,0.0,1,1,67.0,62.0,5.0,2.0,3.0,100.0
628,661,Bad,84,149.0,13,80,13,0,0,,,6,2,13,0,85,0.0,1,1,0.0,87.0,0.0,2.0,1.0866983372921615,67.0
629,662,Good,80,188.0,11,71,36,0,0,100.0,,7,8,36,2,39,0.0,7,7,15.0,,1.0,1.0,0.0,25.0
630,663,Bad,88,168.0,3,89,20,0,0,100.0,,7,8,11,1,20,20.0,1,1,5.0,,3.0,2.5445665445665444,0.0,43.0
631,664,Bad,75,209.0,6,98,33,0,0,97.0,53.0,7,8,33,3,33,,0,0,25.0,69.0,4.0,3.0,1.0,47.0
632,665,Good,89,496.0,8,140,20,0,0,100.0,,7,8,22,1,0,0.0,2,1,7.0,,3.0,2.5445665445665444,0.0,27.0
633,666,Bad,66,67.0,13,66,33,0,0,97.0,56.0,6,3,7,0,39,,2,2,59.0,63.0,12.0,4.0,2.0,84.0
634,667,Bad,70,275.0,2,110,28,14,14,68.0,13.0,6,3,44,3,55,,0,0,31.0,89.0,3.0,2.0,1.0,50.0
635,668,Bad,65,406.0,1,72,30,1,1,100.0,,7,8,40,5,48,2.0,2,2,47.0,65.0,6.0,5.0,0.0,79.0
636,669,Good,60,190.0,3,79,22,1,1,88.0,38.0,7,8,24,4,38,5.0,2,2,59.0,54.0,6.0,3.0,3.0,100.0
637,670,Bad,70,117.0,3,50,18,0,0,89.0,15.0,6,6,18,4,50,7.0,0,0,42.0,83.0,2.0,3.0,0.0,63.0
638,671,Good,70,457.0,3,112,10,1,1,90.0,73.0,6,6,10,4,40,0.0,3,3,83.0,92.0,1.0,3.0,1.0,100.0
639,672,Good,64,345.0,4,111,34,0,0,94.0,2.0,6,6,34,3,18,9.0,0,0,53.0,,10.0,1.0,1.0,69.0
640,673,Good,78,130.0,7,54,22,0,0,100.0,,7,8,23,2,30,,0,0,24.0,90.0,3.0,3.0,0.0,67.0
641,675,Bad,58,184.0,7,66,39,9,2,85.0,22.0,6,5,57,3,44,0.0,3,3,95.0,78.0,5.0,4.0,3.0,100.0
642,676,Bad,58,285.0,2,75,30,2,2,91.0,14.0,7,8,34,2,12,0.0,0,0,80.0,57.0,12.0,4.0,5.0,59.0
643,677,Bad,70,327.0,4,82,37,0,0,,,4,6,37,4,16,0.0,3,2,31.0,88.0,7.0,3.0,3.0,56.0
644,678,Good,73,105.0,12,14,3,0,0,100.0,,7,8,8,0,0,3.0,1,1,54.0,,2.0,2.5445665445665444,0.0,67.0
645,679,Bad,66,186.0,9,61,24,1,1,100.0,,6,8,27,1,63,0.0,0,0,79.0,85.0,6.0,6.0,3.0,100.0
646,680,Bad,69,404.0,28,168,12,1,1,79.0,7.0,7,8,15,0,29,8.0,0,0,55.0,,2.0,1.0,1.0,67.0
647,681,Bad,91,355.0,18,200,8,0,0,,,6,6,11,0,13,,0,0,8.0,,2.0,2.5445665445665444,0.0,40.0
648,682,Bad,62,150.0,3,66,40,3,0,91.0,2.0,6,6,45,3,20,0.0,3,3,49.0,62.0,11.0,3.0,2.0,50.0
649,683,Bad,91,429.0,59,161,9,0,0,,,6,5,9,0,11,,0,0,9.0,,2.0,2.5445665445665444,0.0,50.0
650,684,Bad,62,143.0,5,53,35,1,0,92.0,1.0,4,6,36,5,33,0.0,2,0,3.0,18.0,3.0,2.0,0.0,33.0
651,686,Bad,72,72.0,8,39,18,0,0,100.0,,7,8,18,2,28,0.0,2,2,73.0,,3.0,1.0,0.0,100.0
652,688,Bad,89,182.0,47,100,8,0,0,,,6,6,8,0,38,,2,2,4.0,,2.0,1.0,0.0,60.0
653,689,Bad,68,216.0,4,91,23,1,1,88.0,52.0,6,2,26,6,54,,2,2,42.0,90.0,6.0,2.0,1.0,80.0
654,691,Good,84,199.1577142857143,7,91,17,0,0,100.0,,7,8,0,3,35,3.0,1,1,11.0,48.0,4.0,2.0,0.0,55.0
655,692,Bad,85,328.0,39,132,7,0,0,,,6,3,7,0,43,1.0,1,1,0.0,,1.0,1.0,1.0866983372921615,50.0
656,693,Bad,74,319.0,5,68,22,0,0,,,6,6,30,2,23,,3,3,39.0,90.0,3.0,2.0,1.0,75.0
657,694,Good,59,247.0,4,92,31,4,3,97.0,44.0,7,8,33,3,21,2.0,4,3,53.0,,5.0,1.0,3.0,47.0
658,695,Good,89,485.0,66,196,6,0,0,100.0,,7,8,6,0,17,,0,0,6.0,,1.0,2.5445665445665444,0.0,33.0
659,696,Bad,89,154.0,8,78,6,0,0,100.0,,7,8,6,1,17,0.0,0,0,9.0,,1.0,1.0,0.0,50.0
660,697,Bad,64,194.0,8,76,24,1,1,88.0,9.0,4,3,26,2,48,,0,0,69.0,77.0,7.0,6.0,6.0,76.0
661,698,Good,75,212.0,23,105,11,0,0,82.0,21.0,7,8,11,0,45,,1,1,13.0,,1.0,1.0,0.0,100.0
662,699,Good,76,192.0,1,67,36,0,0,100.0,,7,8,37,4,35,5.0,2,1,5.0,,4.0,2.0,1.0,60.0
663,700,Good,66,199.1577142857143,17,114,15,4,3,68.0,8.0,6,7,0,0,42,,0,0,8.0,75.0,3.0,2.0,0.0,83.0
664,701,Good,81,160.0,6,67,33,0,0,,,6,6,33,2,21,0.0,0,0,15.0,91.0,2.0,3.0,0.0,43.0
665,702,Bad,82,317.0,28,133,15,0,0,100.0,,7,8,15,0,47,0.0,1,1,19.0,5.0,1.0,2.0,0.0,50.0
666,703,Bad,66,174.0,1,75,38,0,0,,,6,6,40,5,40,,6,6,77.0,60.0,4.0,8.0,3.0,75.0
667,704,Bad,82,270.0,30,89,12,0,0,,,6,3,12,0,42,0.0,0,0,44.0,6.0,3.0,2.0,0.0,71.0
668,705,Good,68,132.0,4,49,16,1,1,94.0,19.0,6,8,16,1,50,0.0,3,3,50.0,76.0,5.0,2.0,0.0,88.0
669,706,Good,67,189.0,13,111,8,4,4,70.0,68.0,0,6,10,0,50,0.0,1,1,97.0,,1.0,1.0,1.0,100.0
670,707,Bad,64,199.1577142857143,6,65,31,1,1,88.0,3.0,6,6,0,2,44,6.0,1,0,28.0,87.0,6.0,5.0,1.0,65.0
671,708,Bad,65,150.0,1,50,23,0,0,92.0,3.0,6,6,26,2,46,10.0,0,0,33.0,100.0,2.0,3.0,1.0,50.0
672,709,Good,91,181.0,17,60,8,0,0,,,4,6,9,0,38,0.0,1,1,0.0,,2.0,1.0,0.0,60.0
673,710,Good,74,197.0,1,93,31,1,0,86.0,29.0,7,8,35,3,26,0.0,2,2,28.0,27.0,2.0,4.0,0.0,40.0
675,712,Bad,60,199.0,28,93,11,4,2,73.0,6.0,0,5,15,0,53,0.0,0,0,34.0,61.0,1.0,3.0,0.0,50.0
676,713,Bad,76,66.0,2,31,5,0,0,,,6,2,7,3,0,0.0,1,1,47.0,,3.0,2.5445665445665444,2.0,100.0
677,714,Good,81,176.0,5,78,37,0,0,100.0,,7,8,36,4,37,,2,2,0.0,80.0,2.0,3.0,0.0,42.0
678,715,Bad,84,294.0,5,119,44,0,0,100.0,,7,8,47,3,68,0.0,2,2,4.0,67.0,5.0,8.0,2.0,76.0
679,716,Bad,82,231.0,13,158,15,0,0,100.0,,6,8,17,0,24,,1,1,31.0,,4.0,1.0,1.0,56.0
680,717,Bad,78,283.0,3,124,33,0,0,,,1,3,37,1,19,3.0,1,1,77.0,,18.0,3.0,16.0,92.0
681,718,Good,75,197.0,2,95,20,0,0,95.0,62.0,7,8,21,2,24,,2,2,48.0,99.0,4.0,3.0,1.0,78.0
682,719,Bad,89,256.0,3,100,19,0,0,,,3,2,27,2,47,,1,1,0.0,73.0,0.0,4.0,0.0,57.0
683,720,Good,85,128.0,2,62,17,0,0,100.0,,7,8,19,3,61,,5,5,2.0,93.0,1.0,2.0,0.0,75.0
684,721,Good,61,46.0,1,18,20,0,0,,,3,5,21,5,14,2.0,2,2,51.0,60.0,13.0,2.0,2.0,84.0
686,723,Bad,73,185.0,3,65,27,0,0,100.0,,7,8,27,4,48,0.0,5,5,46.0,26.0,5.0,4.0,1.0,69.0
688,725,Bad,75,364.0,12,123,43,0,0,98.0,24.0,7,8,43,0,26,2.0,1,1,1.0,31.0,7.0,2.0,1.0,45.0
689,726,Bad,82,273.0,30,141,15,1,0,94.0,36.0,6,2,17,0,29,0.0,1,0,6.0,,2.0,1.0,0.0,57.0
691,728,Good,74,65.0,2,34,6,0,0,100.0,,7,8,9,2,11,0.0,3,3,56.0,100.0,2.0,1.0,1.0,75.0
692,729,Bad,93,343.0,18,162,15,0,0,100.0,,7,8,14,0,13,,0,0,1.0,,2.0,2.0,0.0,33.0
693,730,Bad,63,103.0,4,32,13,1,1,100.0,,7,8,14,4,85,0.0,1,1,68.0,93.0,2.0,3.0,1.0866983372921615,100.0
694,731,Good,76,266.0,5,98,27,0,0,97.0,10.0,6,5,31,2,42,0.0,0,0,8.0,81.0,5.0,4.0,1.0,56.0
695,732,Good,75,160.0,4,57,30,0,0,100.0,,7,8,31,5,55,0.0,2,2,7.0,85.0,3.0,9.0,0.0,86.0
696,733,Good,83,464.0,12,153,16,0,0,94.0,19.0,7,8,16,0,19,0.0,1,1,18.0,27.0,2.0,1.0,0.0,75.0
697,734,Bad,85,277.0,15,91,8,0,0,,,4,2,8,0,25,22.0,0,0,36.0,,5.0,2.5445665445665444,0.0,100.0
698,735,Bad,82,194.0,4,102,26,0,0,,,6,6,15,2,35,,2,0,12.0,51.0,3.0,3.0,0.0,67.0
699,736,Bad,61,187.0,6,54,26,0,0,88.0,47.0,7,8,26,1,42,0.0,1,1,66.0,76.0,3.0,3.0,2.0,75.0
700,738,Good,77,297.0,7,131,29,0,0,97.0,5.0,3,2,23,3,55,10.0,0,0,8.0,68.0,5.0,3.0,0.0,90.0
701,739,Bad,70,210.0,9,65,10,2,2,90.0,17.0,7,8,10,1,40,,0,0,40.0,48.0,3.0,3.0,1.0,86.0
702,740,Bad,63,264.0,5,41,16,1,1,94.0,3.0,6,8,16,3,47,,0,0,27.0,74.0,4.0,3.0,0.0,73.0
703,742,Good,73,311.0,7,77,13,0,0,100.0,,7,8,13,2,46,0.0,0,0,69.0,93.0,5.0,2.0,2.0,88.0
704,743,Good,65,248.0,2,77,28,3,1,84.0,30.0,7,8,33,3,53,,0,0,31.0,34.0,8.0,4.0,1.0,80.0
705,744,Bad,58,118.0,5,48,23,3,2,73.0,15.0,6,6,28,7,77,0.0,1,1,2.0,100.0,1.0,3.0,1.0866983372921615,80.0
706,745,Bad,67,255.0,1,104,41,6,6,88.0,12.0,6,3,48,1,21,0.0,1,1,30.0,59.0,3.0,4.0,1.0,39.0
707,746,Bad,78,188.0,25,69,17,0,0,83.0,22.0,2,4,18,0,44,0.0,0,0,6.0,43.0,1.0,4.0,0.0,71.0
708,747,Bad,68,295.0,3,107,20,0,0,90.0,2.0,4,6,21,1,24,0.0,1,1,32.0,,4.0,1.0,2.0,56.0
709,748,Good,69,84.0,4,97,12,0,0,71.0,28.0,7,8,3,2,21,,1,1,54.0,,3.0,1.0,2.0,56.0
710,749,Bad,66,174.0,6,72,29,3,2,87.0,16.0,6,5,32,2,19,0.0,1,0,37.0,87.0,9.0,2.0,4.0,65.0
711,750,Bad,80,372.0,13,71,9,0,0,,,6,6,14,0,33,0.0,4,4,35.0,,1.0,1.0,1.0,29.0
712,751,Bad,80,101.0,3,55,23,0,0,,,4,2,23,1,17,0.0,1,1,1.0,,6.0,2.0,1.0,67.0
713,752,Bad,82,234.0,4,90,36,0,0,97.0,28.0,7,8,17,4,29,7.0,0,0,14.0,62.0,4.0,1.0,1.0,50.0
714,754,Bad,52,266.0,2,103,18,5,5,76.0,2.0,7,8,23,4,33,7.0,0,0,52.0,46.0,5.0,3.0,1.0,82.0
715,755,Good,75,162.0,8,77,40,0,0,100.0,,7,8,42,1,20,7.0,0,0,27.0,,5.0,2.0,1.0,64.0
716,756,Good,80,138.0,4,61,18,0,0,94.0,39.0,7,8,18,2,11,17.0,1,0,0.0,,2.0,2.5445665445665444,1.0,29.0
717,757,Bad,70,156.0,5,58,3,0,0,100.0,,7,8,3,1,33,1.0,2,2,95.0,88.0,1.0,1.0,1.0866983372921615,100.0
718,758,Bad,73,337.0,4,110,6,2,0,67.0,26.0,6,6,9,2,67,0.0,1,1,35.83257918552036,82.0,3.9130925507900676,3.0,1.0866983372921615,100.0
719,759,Good,77,148.0,27,96,13,0,0,100.0,,7,8,14,0,50,0.0,2,2,75.0,,1.0,1.0,0.0,100.0
720,760,Good,78,191.0,16,100,10,2,2,91.0,55.0,7,8,11,0,45,0.0,0,0,5.0,,2.0,1.0,0.0,75.0
721,761,Good,67,419.0,1,73,37,0,0,92.0,13.0,7,8,44,6,33,3.0,1,1,12.0,91.0,8.0,3.0,0.0,69.0
722,762,Bad,85,269.0,18,145,20,0,0,100.0,,7,8,20,0,25,10.0,0,0,20.0,,5.0,1.0,0.0,64.0
723,763,Good,64,296.0,5,71,28,0,0,73.0,4.0,7,8,30,1,23,0.0,1,1,44.0,76.0,5.0,3.0,1.0,73.0
724,764,Good,72,230.0,21,113,17,0,0,100.0,,7,8,17,0,41,10.0,0,0,75.0,,7.0,1.0,2.0,89.0
725,766,Good,80,99.0,9,52,12,0,0,,,6,6,12,2,8,1.0,1,1,10.0,,1.0,2.5445665445665444,0.0,14.0
726,768,Bad,56,105.0,5,43,16,0,0,94.0,5.0,6,5,16,1,69,2.0,2,2,101.0,84.0,2.0,4.0,1.0,86.0
727,769,Good,82,213.0,3,79,9,0,0,100.0,,7,8,9,1,22,0.0,2,2,42.0,54.0,2.0,2.0,1.0,50.0
728,770,Good,80,202.0,12,85,25,0,0,100.0,,7,8,43,0,32,0.0,2,2,3.0,6.0,2.0,4.0,0.0,86.0
729,771,Good,62,116.0,9,70,15,6,4,65.0,23.0,7,8,20,1,25,,4,4,8.0,60.0,2.0,2.0,0.0,67.0
730,772,Bad,65,102.0,69,86,6,3,3,33.0,3.0,7,8,9,0,0,13.0,0,0,8.0,,1.0,2.5445665445665444,0.0,33.0
731,773,Good,60,141.0,50,94,13,2,2,73.0,4.0,4,6,15,0,27,0.0,0,0,61.0,,2.0,1.0,0.0,100.0
732,774,Bad,72,294.0,5,75,20,0,0,95.0,46.0,7,8,21,3,62,7.0,0,0,57.0,50.0,6.0,4.0,2.0,91.0
733,775,Bad,72,317.0,3,62,34,0,0,94.0,16.0,6,6,35,4,6,0.0,1,1,18.0,,4.0,1.0,1.0,42.0
734,776,Good,82,153.0,9,54,18,0,0,100.0,,7,8,18,1,44,14.0,0,0,9.0,,2.0,1.0,0.0,38.0
735,777,Good,87,117.0,6,67,11,0,0,100.0,,7,8,12,1,8,1.0,4,4,3.0,,3.0,1.0,0.0,67.0
736,778,Bad,79,125.0,9,57,29,0,0,,,6,6,33,1,45,,1,1,1.0,71.0,1.0,4.0,0.0,45.0
738,780,Good,86,126.0,3,51,36,0,0,,,4,6,27,2,6,13.0,0,0,1.0,,4.0,2.5445665445665444,0.0,24.0
739,781,Good,74,157.0,9,43,19,0,0,,,6,6,2,2,25,,0,0,36.0,62.0,5.0,3.0,0.0,67.0
740,782,Good,90,177.0,23,112,10,0,0,,,0,2,10,0,20,,0,0,0.0,,2.0,2.5445665445665444,0.0,67.0
742,784,Bad,81,303.0,17,103,6,0,0,86.0,25.0,7,8,7,0,14,0.0,0,0,26.0,,1.0,1.0,0.0,40.0
743,785,Bad,69,215.0,15,89,24,0,0,96.0,4.0,5,3,24,0,33,0.0,3,3,42.0,,2.0,1.0,1.0,38.0
744,786,Bad,82,300.0,32,117,22,0,0,,,6,5,23,0,22,0.0,1,1,41.0,43.0,3.0,2.0,1.0,63.0
745,787,Good,82,156.0,21,84,12,0,0,,,6,6,12,0,42,0.0,0,0,73.0,68.0,3.0,2.0,0.0,100.0
746,788,Good,62,120.0,34,74,4,0,0,40.0,4.0,6,6,5,0,0,0.0,2,1,59.0,,1.0,2.5445665445665444,1.0866983372921615,25.0
747,789,Good,64,46.0,3,31,4,5,5,,,4,6,5,1,20,2.0,1,1,2.0,,1.0,1.0,0.0,67.0
748,790,Bad,58,183.0,32,95,8,8,8,67.0,3.0,6,6,5,0,0,,0,0,0.0,,0.0,2.5445665445665444,0.0,25.0
749,791,Bad,87,151.0,5,82,29,0,0,,,6,4,33,3,73,10.0,0,0,9.0,60.0,1.0,6.0,0.0,70.0
750,792,Good,61,112.0,3,32,29,0,0,100.0,,7,8,31,7,77,0.0,5,5,88.0,82.0,7.0,4.0,3.0,100.0
751,793,Good,89,151.0,20,87,14,0,0,100.0,,7,8,14,0,50,,0,0,9.0,,1.0,2.0,0.0,60.0
752,794,Good,82,488.0,5,116,43,0,0,,,6,6,42,3,18,,0,0,3.0,,5.0,2.5445665445665444,1.0,23.0
754,796,Good,56,311.0,10,99,31,10,10,86.0,4.0,4,4,36,2,46,0.0,2,2,44.0,75.0,4.0,2.0,1.0,64.0
755,797,Good,71,383.0,8,76,19,2,2,86.0,11.0,7,8,24,1,29,2.0,1,1,26.0,79.0,4.0,2.0,1.0,67.0
756,798,Good,64,150.0,8,48,23,0,0,96.0,23.0,6,6,23,2,61,0.0,2,2,65.0,96.0,2.0,6.0,1.0,73.0
757,799,Good,79,334.0,2,76,21,0,0,100.0,,7,8,22,4,27,0.0,3,3,35.0,88.0,6.0,2.0,1.0,73.0
758,800,Good,82,257.0,4,86,19,0,0,,,6,5,19,1,5,0.0,2,2,20.0,92.0,3.0,1.0,0.0,56.0
759,801,Good,64,145.0,2,54,28,0,0,100.0,,7,8,29,5,66,,4,3,74.0,59.0,5.0,4.0,2.0,82.0
760,802,Bad,67,265.0,4,97,11,5,5,77.0,13.0,6,2,13,2,54,0.0,4,3,10.0,,1.0,1.0,1.0866983372921615,67.0
761,803,Good,70,297.0,2,140,16,0,0,,,6,6,12,1,24,16.0,0,0,71.0,48.0,8.0,2.0,3.0,100.0
762,804,Bad,70,185.0,11,75,36,0,0,97.0,72.0,7,8,37,1,41,1.0,3,3,67.0,60.0,12.0,5.0,5.0,85.0
763,805,Bad,57,27.0,1,11,5,1,1,,,4,6,6,3,33,1.0,21,21,16.0,,1.0,2.0,1.0,60.0
764,806,Good,64,329.0,11,102,36,2,2,100.0,,7,8,38,3,34,0.0,3,3,3.0,,2.0,2.0,0.0,33.0
766,808,Bad,70,300.0,2,68,33,0,0,94.0,13.0,7,8,34,1,26,0.0,2,1,4.0,69.0,5.0,5.0,4.0,69.0
768,810,Bad,75,152.0,1,66,21,0,0,,,4,6,22,3,36,0.0,1,1,32.0,96.0,5.0,3.0,2.0,62.0
769,811,Good,84,159.0,13,80,22,0,0,100.0,,7,8,22,0,18,0.0,2,2,1.0,,2.0,1.0,1.0,30.0
770,812,Good,60,314.0,12,90,27,3,1,76.0,2.0,7,8,34,0,44,0.0,0,0,2.0,87.0,3.0,2.0,0.0,50.0
771,813,Bad,88,164.0,3,87,19,0,0,,,6,2,19,1,21,0.0,0,0,3.0,,3.0,1.0,0.0,80.0
772,815,Good,77,168.0,14,72,21,0,0,,,0,2,21,0,29,2.0,1,1,29.0,76.0,2.0,1.0,1.0,50.0
773,817,Bad,84,217.0,5,90,17,1,0,95.0,53.0,4,6,19,1,47,,0,0,3.0,,3.0,2.0,0.0,71.0
774,818,Bad,55,118.0,8,72,24,6,1,63.0,2.0,6,6,30,1,10,0.0,0,0,36.0,28.0,4.0,3.0,2.0,54.0
775,819,Good,76,104.0,8,64,11,1,1,92.0,79.0,6,6,12,1,42,0.0,0,0,12.0,,1.0,1.0,0.0,60.0
776,820,Bad,82,434.0,4,161,27,0,0,100.0,,7,8,29,2,26,1.0,2,2,2.0,,4.0,1.0,0.0,31.0
777,821,Good,61,35.0,2,15,15,0,0,100.0,,7,8,17,8,71,2.0,1,1,0.0,81.0,0.0,7.0,1.0866983372921615,75.0
778,822,Good,66,233.0,2,69,28,0,0,93.0,64.0,7,8,29,2,48,9.0,0,0,58.0,64.0,7.0,3.0,2.0,71.0
779,823,Bad,73,175.0,51,115,6,1,0,50.0,27.0,7,8,8,0,50,1.0,4,4,13.0,,1.0,1.0,1.0866983372921615,100.0
780,824,Good,83,61.0,15,28,13,0,0,100.0,,7,8,13,0,54,17.0,0,0,3.0,74.0,2.0,3.0,0.0,63.0
781,825,Good,68,222.0,6,103,16,1,0,84.0,20.0,5,7,19,2,32,0.0,0,0,59.0,,5.0,2.5445665445665444,3.0,63.0
782,826,Good,64,112.0,3,37,15,0,0,93.0,20.0,7,8,15,4,33,0.0,1,1,38.0,93.0,2.0,3.0,1.0,45.0
783,827,Bad,75,144.0,7,56,26,0,0,100.0,,7,8,27,2,42,1.0,1,1,32.0,62.0,3.0,4.0,1.0,67.0
784,828,Good,86,274.0,39,106,8,0,0,,,6,6,8,0,50,,0,0,0.0,12.0,1.0,1.0,0.0,67.0
785,829,Bad,64,145.0,12,81,28,0,0,97.0,3.0,4,6,30,0,61,10.0,0,0,60.0,75.0,2.0,4.0,1.0,75.0
786,830,Good,54,50.0,2,21,11,0,0,92.0,3.0,7,8,12,7,42,,1,1,69.0,82.0,4.0,2.0,2.0,100.0
787,831,Good,80,121.0,7,58,11,0,0,91.0,56.0,7,8,11,1,0,0.0,1,1,15.0,,4.0,2.5445665445665444,1.0,80.0
788,832,Bad,80,268.0,3,96,41,0,0,98.0,46.0,4,6,41,1,41,2.0,5,5,7.0,83.0,2.0,5.0,0.0,58.0
789,833,Good,54,199.1577142857143,32,61,9,1,1,78.0,1.0,0,8,9,0,56,,1,1,77.0,59.0,3.0,1.0,2.0,100.0
790,834,Bad,55,176.0,14,68,17,1,1,89.0,2.0,0,2,20,0,42,0.0,3,3,84.0,44.0,6.0,2.0,4.0,80.0
791,835,Good,73,193.0,14,90,11,1,1,,,6,7,11,0,27,,0,0,1.0,,2.0,1.0,0.0,75.0
792,836,Bad,76,219.0,2,66,22,0,0,100.0,,5,8,24,2,25,0.0,0,0,24.0,92.0,3.0,3.0,1.0,35.0
793,837,Good,56,81.0,2,33,22,0,0,79.0,0.0,7,8,24,7,46,0.0,0,0,76.0,,3.0,3.0,1.0,100.0
794,838,Good,83,54.0,8,24,5,0,0,100.0,,7,8,6,2,50,,0,0,5.0,39.0,1.0,2.0,0.0,100.0
795,839,Bad,63,208.0,3,42,8,0,0,100.0,,7,8,8,3,88,0.0,3,2,165.0,92.0,1.0,4.0,1.0866983372921615,100.0
796,840,Bad,64,237.0,13,88,7,3,3,70.0,18.0,4,6,10,0,70,,0,0,34.0,88.0,1.0,1.0,0.0,67.0
797,841,Bad,74,211.0,8,74,40,1,1,95.0,47.0,4,4,45,9,60,8.0,0,0,15.0,109.0,1.0,9.0,0.0,83.0
798,842,Good,81,199.1577142857143,4,106,17,0,0,94.0,79.0,6,6,18,1,28,,4,4,2.0,,3.0,2.0,0.0,50.0
799,844,Bad,77,126.0,8,61,25,0,0,92.0,42.0,7,8,25,4,12,7.0,0,0,9.0,100.0,7.0,2.0,0.0,63.0
800,845,Bad,73,254.0,5,97,22,1,0,96.0,45.0,7,8,23,2,39,0.0,2,2,54.0,32.0,4.0,3.0,2.0,78.0
801,846,Bad,87,137.0,4,79,28,0,0,100.0,,7,8,32,1,56,0.0,2,2,11.0,14.0,1.0,3.0,0.0,57.0
802,847,Bad,81,159.0,3,48,22,0,0,,,6,2,22,4,32,0.0,2,1,26.0,85.0,5.0,3.0,2.0,69.0
803,848,Good,75,301.0,32,166,9,2,1,62.0,20.0,7,8,13,0,46,0.0,2,2,0.0,,0.0,2.5445665445665444,0.0,0.0
804,849,Bad,80,290.0,5,82,14,0,0,87.0,17.0,6,6,15,2,60,0.0,0,0,16.0,44.0,3.0,4.0,0.0,78.0
805,850,Bad,75,171.0,2,68,20,0,0,100.0,,6,8,21,1,33,0.0,1,1,21.0,69.0,3.0,2.0,1.0,71.0
806,851,Good,85,197.0,4,81,26,0,0,100.0,,6,8,26,3,19,,3,3,4.0,6.0,2.0,2.0,0.0,29.0
807,852,Bad,77,88.0,5,40,12,0,0,92.0,15.0,7,8,12,4,42,,0,0,0.0,76.0,2.0,3.0,0.0,56.0
808,853,Good,54,140.0,18,61,7,6,5,50.0,5.0,6,6,13,0,63,0.0,0,0,96.0,73.0,3.0,2.0,1.0,100.0
809,854,Bad,90,234.0,6,128,32,0,0,,,4,6,32,2,38,,0,0,1.0,78.0,2.0,2.0,0.0,57.0
810,855,Bad,71,218.0,22,75,22,1,0,96.0,27.0,7,8,24,0,39,1.0,2,2,3.0,23.0,4.0,1.0,1.0,56.0
811,856,Good,71,114.0,12,66,39,0,0,96.0,1.0,7,8,46,0,41,0.0,0,0,17.0,81.0,6.0,7.0,1.0,50.0
812,857,Good,58,120.0,3,69,11,1,1,91.0,20.758835758835758,2,4,29,2,45,,6,6,92.0,86.0,5.0,3.0,1.0,100.0
813,858,Good,68,130.0,7,64,31,3,3,82.0,16.0,7,8,34,3,21,0.0,4,3,14.0,2.0,5.0,3.0,0.0,44.0
815,860,Good,65,330.0,13,97,37,1,0,86.0,12.0,7,8,43,0,53,0.0,0,0,61.0,60.0,9.0,2.0,3.0,79.0
817,862,Good,73,123.0,4,65,24,0,0,,,6,5,24,1,38,0.0,1,1,68.0,80.0,3.0,7.0,1.0,71.0
818,863,Bad,76,107.0,2,54,10,0,0,82.0,11.0,4,3,11,1,27,0.0,3,3,12.0,3.0,3.0,2.0,0.0,71.0
819,864,Bad,58,214.0,20,122,6,3,2,54.0,2.0,6,2,13,0,62,,0,0,11.0,60.0,3.0,2.0,0.0,83.0
820,865,Good,74,167.0,4,63,17,0,0,94.0,31.0,7,8,17,2,41,0.0,2,2,38.0,91.0,4.0,3.0,2.0,78.0
821,866,Bad,84,245.0,10,113,16,0,0,94.0,17.0,7,8,17,1,12,,0,0,6.0,,2.0,2.5445665445665444,0.0,40.0
822,867,Good,87,213.0,5,90,15,0,0,,,6,6,15,2,27,0.0,1,1,3.0,,4.0,1.0,0.0,56.0
823,868,Bad,78,188.0,3,72,20,1,1,96.0,45.0,6,5,24,7,43,0.0,2,2,1.0,91.0,1.0,5.0,0.0,43.0
824,869,Good,66,143.0,4,75,10,1,1,100.0,,7,8,10,1,30,,2,2,95.0,,2.0,2.5445665445665444,1.0,100.0
825,870,Bad,63,45.0,5,28,16,0,0,,,5,5,16,2,19,0.0,10,10,47.0,,6.0,2.5445665445665444,2.0,75.0
826,871,Bad,62,152.0,10,79,18,5,1,72.0,20.0,6,6,25,1,28,0.0,1,1,81.0,80.0,5.0,2.0,3.0,78.0
827,872,Good,69,72.0,3,48,14,1,0,87.0,20.0,7,8,15,2,7,,1,1,29.0,,5.0,1.0,0.0,58.0
828,873,Bad,64,111.0,5,50,14,2,2,81.0,39.0,7,8,16,1,31,1.0,7,7,43.0,69.0,4.0,2.0,0.0,100.0
829,874,Good,83,127.0,4,60,18,0,0,,,4,6,18,5,44,3.0,1,1,8.0,81.0,1.0,3.0,1.0866983372921615,83.0
830,875,Good,69,111.0,8,58,18,0,0,,,4,6,22,3,36,8.0,0,0,86.0,,5.0,1.0,3.0,100.0
831,876,Good,57,148.0,3,55,43,0,0,86.0,4.0,6,6,43,5,47,7.0,0,0,48.0,84.0,9.0,4.0,0.0,81.0
832,877,Good,73,131.0,4,63,19,1,0,85.0,20.0,6,6,26,2,62,,1,1,25.0,17.0,1.0,4.0,1.0866983372921615,100.0
833,879,Bad,76,94.0,2,49,25,0,0,,,0,6,30,5,33,,4,4,20.0,81.0,2.0,4.0,0.0,40.0
834,880,Bad,86,188.0,19,92,25,0,0,,,4,6,15,0,19,0.0,1,1,0.0,58.0,1.0,3.0,1.0,38.0
835,881,Bad,76,257.0,18,100,4,0,0,100.0,,0,8,4,0,25,0.0,0,0,80.0,,3.0,1.0,1.0,100.0
836,882,Good,85,309.0,3,93,44,0,0,100.0,,7,8,47,2,38,3.0,5,5,10.0,4.0,5.0,3.0,0.0,57.0
837,883,Bad,61,61.0,4,25,23,0,0,96.0,10.0,4,6,23,5,52,3.0,3,3,30.0,87.0,6.0,6.0,0.0,100.0
838,884,Good,79,243.0,5,84,29,1,1,81.0,6.0,7,8,39,1,35,0.0,1,1,0.0,,3.0,2.0,1.0,50.0
839,885,Bad,73,71.0,7,41,18,0,0,100.0,,7,8,18,2,56,,1,0,38.0,86.0,3.0,3.0,1.0,75.0
840,886,Bad,65,56.0,3,21,7,0,0,86.0,38.0,6,3,7,3,43,0.0,3,3,23.0,98.0,3.0,1.0,1.0,80.0
841,887,Good,73,422.0,2,62,42,0,0,98.0,11.0,6,3,43,8,23,0.0,4,4,12.0,,4.0,2.0,0.0,44.0
842,888,Good,58,150.0,16,72,18,2,0,55.0,4.0,6,6,22,0,45,0.0,1,1,79.0,38.0,7.0,3.0,0.0,91.0
844,890,Good,72,151.0,7,60,30,1,0,97.0,36.0,6,6,34,4,27,6.0,0,0,16.0,78.0,3.0,6.0,1.0,45.0
845,891,Bad,70,197.0,16,97,30,0,0,91.0,19.0,6,5,32,0,22,,4,4,44.0,,8.0,1.0,4.0,63.0
846,892,Good,75,243.0,19,119,58,0,0,100.0,,7,8,50,0,39,0.0,4,4,73.0,,10.0,2.0,6.0,70.0
847,894,Bad,57,138.0,18,66,11,2,1,71.0,23.0,7,8,14,0,36,0.0,0,0,41.0,,4.0,1.0,0.0,71.0
848,895,Good,81,216.0,0,84,25,0,0,,,6,4,35,1,35,1.0,1,1,0.0,,1.0,4.0,0.0,38.0
849,896,Bad,60,73.0,8,74,10,0,0,50.0,7.0,5,6,10,1,30,8.0,0,0,36.0,,2.0,2.5445665445665444,1.0,29.0
850,897,Good,54,235.0,7,79,25,1,0,79.0,2.0,7,8,29,2,14,6.0,0,0,48.0,62.0,5.0,3.0,3.0,67.0
851,898,Good,67,257.0,17,111,16,1,0,68.0,5.0,7,8,19,0,37,,1,0,17.0,56.0,4.0,2.0,0.0,60.0
852,899,Bad,73,163.0,13,85,27,0,0,97.0,52.0,6,6,29,0,41,,0,0,34.0,39.0,4.0,2.0,2.0,60.0
853,900,Bad,88,530.0,5,182,17,0,0,,,4,5,17,2,24,0.0,0,0,3.0,81.0,5.0,2.0,0.0,64.0
854,901,Good,72,255.0,13,60,31,0,0,100.0,,7,8,32,0,22,13.0,0,0,85.0,14.0,9.0,2.0,9.0,79.0
855,902,Bad,65,184.0,3,35,8,0,0,,,6,5,8,3,75,,1,1,103.0,89.0,1.0,4.0,1.0,100.0
856,905,Bad,63,112.0,5,42,3,1,1,,,4,6,3,2,100,0.0,2,2,35.83257918552036,81.0,3.9130925507900676,2.0,1.0866983372921615,100.0
857,906,Bad,78,181.0,16,48,16,0,0,94.0,52.0,6,6,8,0,13,0.0,1,1,13.0,,3.0,1.0,0.0,40.0
858,907,Good,78,111.0,1,58,19,0,0,,,6,2,22,3,32,0.0,3,3,11.0,29.0,4.0,2.0,1.0,75.0
859,908,Good,81,243.0,1,89,41,0,0,,,6,6,44,9,27,0.0,7,6,1.0,39.0,7.0,4.0,0.0,50.0
860,909,Bad,72,285.0,1,76,52,0,0,96.0,19.0,6,5,53,7,13,0.0,3,3,13.0,58.0,4.0,3.0,1.0,25.0
861,910,Bad,66,313.0,10,146,11,16,16,82.0,62.0,7,8,12,1,45,0.0,3,3,6.0,95.0,1.0,1.0,0.0,67.0
862,911,Good,66,202.0,9,82,23,2,2,96.0,0.0,7,8,26,1,17,0.0,0,0,33.0,70.0,7.0,3.0,0.0,63.0
863,912,Good,51,162.0,35,73,4,1,1,50.0,1.0,4,6,6,0,33,0.0,0,0,43.0,11.0,1.0,1.0,0.0,50.0
864,913,Good,78,311.0,4,134,17,1,1,89.0,77.0,3,3,20,1,11,,1,1,1.0,,3.0,2.5445665445665444,0.0,56.0
865,914,Bad,78,150.0,6,63,37,0,0,,,6,6,40,1,18,0.0,0,0,3.0,63.0,2.0,2.0,0.0,50.0
866,915,Good,72,172.0,2,76,23,1,1,96.0,12.0,6,6,25,4,36,0.0,3,3,22.0,,3.0,3.0,1.0,46.0
867,916,Bad,91,199.1577142857143,7,97,19,0,0,100.0,,7,8,0,1,47,,1,1,0.0,,2.0,1.0,0.0,75.0
868,917,Good,63,284.0,1,92,40,0,0,93.0,2.0,6,3,29,1,12,,0,0,45.0,69.0,7.0,3.0,3.0,59.0
869,918,Bad,68,264.0,5,72,54,2,2,96.0,30.0,6,8,53,8,46,,1,1,18.0,83.0,4.0,7.0,1.0,50.0
870,919,Bad,65,75.0,1,36,9,2,2,75.0,38.0,7,8,12,2,58,4.0,1,1,33.0,46.0,2.0,3.0,1.0,100.0
871,920,Good,81,229.0,7,82,32,0,0,,,6,4,32,2,25,11.0,0,0,9.0,54.0,10.0,3.0,0.0,65.0
872,921,Bad,66,199.1577142857143,3,45,21,3,1,88.0,41.0,6,5,25,4,40,,1,1,8.0,54.0,1.0,4.0,0.0,50.0
873,922,Good,80,93.0,5,45,6,0,0,,,6,2,6,2,50,,9,7,7.0,83.0,1.0,1.0,0.0,67.0
874,923,Good,67,112.0,3,74,4,1,0,80.0,30.0,7,8,5,1,100,,5,5,35.83257918552036,,3.9130925507900676,1.0,1.0866983372921615,100.0
875,924,Bad,78,149.0,5,57,22,0,0,100.0,,7,8,22,3,27,0.0,1,1,16.0,96.0,4.0,3.0,0.0,73.0
876,925,Bad,54,68.0,7,23,5,0,0,83.0,3.0,4,6,6,3,33,0.0,0,0,66.0,81.0,3.0,2.0,1.0,83.0
877,926,Bad,83,229.0,3,71,14,0,0,,,6,5,14,2,43,0.0,3,3,0.0,95.0,1.0,4.0,0.0,71.0
879,928,Bad,62,157.0,4,67,24,1,1,96.0,10.0,7,8,25,4,60,,4,3,59.0,62.0,4.0,4.0,2.0,73.0
880,929,Good,58,91.0,4,41,31,0,0,100.0,,7,8,32,5,56,0.0,1,1,71.0,90.0,13.0,4.0,4.0,100.0
881,930,Bad,76,109.0,3,58,45,0,0,96.0,30.0,7,8,46,3,15,0.0,1,1,6.0,,8.0,1.0,1.0,33.0
882,931,Good,60,220.0,4,83,21,1,0,80.0,1.0,7,8,25,2,44,22.0,0,0,62.0,87.0,4.0,3.0,2.0,73.0
883,932,Bad,68,266.0,13,93,29,1,1,90.0,39.0,4,6,29,0,59,0.0,2,2,98.0,53.0,3.0,4.0,3.0,88.0
884,933,Good,66,221.0,9,85,32,1,1,94.0,43.0,4,4,33,2,30,1.0,2,2,58.0,25.0,14.0,3.0,6.0,94.0
885,934,Bad,56,162.0,2,38,30,1,1,100.0,,7,8,32,4,28,0.0,5,5,58.0,75.0,16.0,3.0,4.0,86.0
886,935,Good,67,64.0,1,26,18,0,0,,,6,6,19,6,53,,0,0,55.0,75.0,5.0,7.0,1.0,92.0
887,936,Good,88,154.0,11,69,9,0,0,,,4,6,22,1,67,10.0,1,1,2.0,70.0,1.0,3.0,0.0,80.0
888,937,Bad,93,425.0,63,179,6,0,0,,,4,5,6,0,33,0.0,0,0,0.0,,0.0,2.5445665445665444,1.0866983372921615,0.0
889,938,Bad,84,295.0,2,82,34,0,0,,,6,6,37,4,22,3.0,1,1,4.0,,2.0,1.0,0.0,30.0
890,939,Good,84,184.0,4,98,22,0,0,,,6,5,23,1,57,0.0,3,2,6.0,,2.0,2.5445665445665444,0.0,50.0
891,940,Bad,86,321.0,20,96,15,0,0,,,6,6,16,0,47,,0,0,16.0,59.0,3.0,2.0,0.0,63.0
892,941,Good,63,148.0,4,71,13,0,0,92.0,43.0,6,7,13,1,54,3.0,1,1,92.0,70.0,3.0,3.0,2.0,100.0
894,943,Bad,63,65.0,2,40,12,3,2,82.0,8.0,6,3,18,3,76,0.0,3,3,3.0,100.0,2.0,3.0,0.0,83.0
895,944,Bad,81,271.0,10,59,20,0,0,100.0,,7,8,18,1,25,0.0,1,1,0.0,67.0,1.0,2.0,0.0,23.0
896,945,Bad,66,145.0,1,68,33,0,0,,,4,6,52,6,36,,0,0,91.0,75.0,9.0,7.0,6.0,100.0
897,946,Bad,89,284.0,21,92,16,0,0,,,3,5,16,0,25,11.0,0,0,9.0,71.0,2.0,2.0,0.0,57.0
898,947,Bad,70,108.0,2,51,45,0,0,98.0,10.0,3,5,49,7,65,7.0,0,0,23.0,82.0,2.0,3.0,0.0,50.0
899,948,Bad,87,308.0,3,90,27,0,0,97.0,,6,6,30,1,40,,0,0,19.0,62.0,5.0,3.0,0.0,67.0
900,949,Good,69,216.0,36,82,15,1,1,93.0,24.0,7,8,15,0,33,,0,0,51.0,,8.0,1.0,0.0,100.0
901,950,Bad,81,327.0,2,116,40,0,0,100.0,,7,8,5,4,15,1.0,2,2,7.0,88.0,5.0,3.0,1.0,42.0
902,951,Bad,74,24.0,5,18,4,0,0,100.0,,7,8,4,1,50,21.0,0,0,35.0,,1.0,1.0,1.0866983372921615,100.0
905,954,Bad,72,110.0,7,63,12,1,1,92.0,52.0,6,8,13,1,54,0.0,3,3,0.0,,0.0,1.0,1.0866983372921615,25.0
906,955,Bad,68,130.0,5,72,16,1,0,89.0,5.0,6,6,21,1,47,,1,1,35.0,,3.0,2.5445665445665444,0.0,43.0
907,956,Good,70,137.0,7,51,27,0,0,93.0,12.0,7,8,27,3,30,0.0,1,1,43.0,,6.0,2.0,3.0,53.0
908,957,Good,68,223.0,4,81,25,3,1,76.0,12.0,7,8,29,5,28,15.0,0,0,33.0,96.0,4.0,3.0,1.0,50.0
909,958,Good,68,205.0,27,104,40,3,1,89.0,12.0,6,6,46,0,70,,0,0,55.0,84.0,3.0,5.0,1.0,90.0
910,959,Bad,75,191.0,3,71,25,0,0,,,0,6,26,4,42,10.0,0,0,66.0,86.0,6.0,2.0,1.0,73.0
911,960,Bad,66,113.0,2,65,21,1,0,96.0,31.0,4,6,23,2,35,6.0,0,0,66.0,96.0,6.0,5.0,3.0,86.0
912,961,Bad,77,170.0,10,84,25,0,0,,,2,4,26,1,12,,2,2,58.0,46.0,3.0,1.0,2.0,50.0
913,962,Good,84,362.0,11,114,33,0,0,97.0,25.0,6,2,35,1,40,0.0,3,3,1.0,89.0,2.0,2.0,0.0,36.0
914,963,Good,78,266.0,13,95,16,0,0,100.0,,7,8,16,0,56,0.0,2,2,51.0,90.0,4.0,2.0,1.0,100.0
915,964,Good,75,367.0,1,118,57,0,0,95.0,28.0,6,6,58,3,24,,0,0,5.0,44.0,4.0,4.0,0.0,41.0
916,965,Good,90,230.0,13,73,11,0,0,100.0,,7,8,13,0,62,0.0,0,0,1.0,71.0,1.0,4.0,0.0,71.0
917,966,Good,73,333.0,1,102,25,0,0,96.0,16.0,4,6,27,4,26,0.0,5,5,37.0,3.0,3.0,3.0,1.0866983372921615,67.0
918,967,Bad,88,156.0,17,140,5,0,0,,,6,6,5,0,20,,0,0,20.0,,2.0,1.0,0.0,75.0
919,968,Bad,59,120.0,7,32,7,1,1,86.0,5.0,6,4,24,2,57,,1,1,42.0,95.0,1.0,2.0,0.0,100.0
920,969,Good,81,306.0,2,130,32,0,0,100.0,,7,8,34,1,35,1.0,2,2,8.0,99.0,3.0,2.0,1.0,35.0
921,970,Bad,76,177.0,30,80,13,0,0,85.0,26.0,6,5,13,0,54,0.0,1,1,42.0,,2.0,1.0,0.0,60.0
922,971,Bad,69,39.0,4,23,7,1,0,88.0,14.0,7,8,8,2,13,0.0,8,8,19.0,,3.0,2.5445665445665444,0.0,50.0
923,972,Bad,82,186.0,3,85,19,0,0,,,6,5,22,4,27,3.0,3,3,34.0,,3.0,1.0,0.0,50.0
924,973,Good,64,212.0,6,76,7,5,4,64.0,10.0,7,8,11,2,55,8.0,0,0,56.0,86.0,1.0,2.0,0.0,75.0
925,974,Bad,77,221.0,17,93,46,0,0,,,4,6,51,0,36,17.0,0,0,41.0,,8.0,1.0,2.0,75.0
926,975,Good,64,170.0,8,63,16,2,2,79.0,13.0,7,8,20,1,53,0.0,0,0,27.0,57.0,2.0,4.0,1.0866983372921615,100.0
927,976,Bad,64,45.0,1,19,10,0,0,,,4,6,11,3,18,0.0,1,1,77.0,93.0,6.0,2.0,2.0,100.0
928,977,Bad,56,91.0,16,54,4,6,2,27.0,12.0,0,2,11,0,55,0.0,8,8,104.0,86.0,2.0,1.0,1.0,100.0
929,978,Bad,79,203.0,4,95,28,1,0,91.0,41.0,7,8,16,2,28,3.0,1,1,1.0,,3.0,1.0,0.0,40.0
930,979,Bad,54,113.0,2,36,37,0,0,97.0,8.0,6,6,38,6,50,0.0,9,9,59.0,94.0,4.0,5.0,1.0,69.0
931,980,Good,88,109.0,62,87,8,0,0,,,4,5,8,0,50,,0,0,0.0,3.0,0.0,1.0,0.0,50.0
932,982,Bad,77,366.0,15,93,29,0,0,93.0,30.0,6,6,30,0,37,0.0,0,0,20.0,54.0,6.0,3.0,0.0,56.0
933,983,Good,74,305.0,3,146,17,1,1,94.0,4.0,6,2,8,2,17,10.0,0,0,1.0,46.0,2.0,2.0,0.0,31.0
934,984,Bad,71,152.0,4,68,36,0,0,100.0,,6,8,38,4,44,4.0,2,2,57.0,88.0,6.0,3.0,1.0,82.0
935,985,Bad,73,317.0,1,92,34,0,0,100.0,,7,8,36,3,17,0.0,7,7,24.0,80.0,5.0,2.0,1.0,50.0
936,986,Good,61,183.0,7,76,8,2,2,80.0,1.0,7,8,12,2,33,0.0,0,0,0.0,,1.0,1.0,0.0,50.0
937,987,Good,88,190.0,6,65,20,0,0,100.0,,9,8,21,1,14,5.0,1,1,0.0,50.0,4.0,2.0,0.0,46.0
938,988,Good,65,174.0,3,63,15,1,0,81.0,1.0,7,8,16,5,50,0.0,4,4,32.0,66.0,3.0,4.0,0.0,64.0
939,989,Good,65,125.0,5,54,28,1,1,90.0,6.0,7,8,31,2,58,0.0,0,0,51.0,62.0,4.0,5.0,1.0,75.0
940,990,Good,83,175.0,26,69,16,0,0,100.0,,7,8,16,0,38,0.0,1,1,4.0,43.0,2.0,2.0,0.0,40.0
941,991,Bad,84,170.0,25,87,10,0,0,,,6,6,10,0,50,0.0,2,2,10.0,,2.0,2.5445665445665444,0.0,67.0
942,992,Bad,57,164.0,8,66,34,19,19,94.0,28.0,7,8,35,1,34,,0,0,14.0,68.0,4.0,6.0,0.0,77.0
943,993,Bad,57,164.0,5,74,30,1,1,90.0,7.0,4,3,35,1,57,0.0,5,4,64.0,75.0,6.0,4.0,2.0,92.0
944,994,Good,76,163.0,15,66,47,0,0,100.0,,7,8,47,0,21,0.0,4,4,9.0,82.0,5.0,6.0,1.0,58.0
945,995,Bad,75,254.0,4,60,9,0,0,100.0,,7,8,9,2,44,0.0,1,1,60.0,95.0,2.0,2.0,0.0,80.0
946,996,Good,66,131.0,13,83,4,4,4,67.0,67.0,7,8,41,0,33,,0,0,67.0,,2.0,1.0,0.0,100.0
947,997,Bad,83,97.0,7,57,17,0,0,,,4,6,17,1,24,,0,0,19.0,85.0,3.0,3.0,0.0,60.0
948,999,Good,56,368.0,10,44,25,0,0,92.0,4.0,6,7,40,1,16,9.0,0,0,41.0,74.0,10.0,3.0,2.0,65.0
